[     814ms] [INFO] %cDownload the React DevTools for a better development experience: https://react.dev/link/react-devtools font-weight:bold @ webpack-internal:///(app-pages-browser)/./node_modules/next/dist/compiled/react-dom/cjs/react-dom-client.development.js:25630
[  438926ms] [LOG] [Fast Refresh] rebuilding @ webpack-internal:///(app-pages-browser)/./node_modules/next/dist/client/dev/hot-reloader/app/hot-reloader-app.js:196
[  439240ms] [LOG] [Fast Refresh] done in 314ms @ webpack-internal:///(app-pages-browser)/./node_modules/next/dist/client/dev/report-hmr-latency.js:13
[  439243ms] [LOG] [Fast Refresh] rebuilding @ webpack-internal:///(app-pages-browser)/./node_modules/next/dist/client/dev/hot-reloader/app/hot-reloader-app.js:196
[  439442ms] [LOG] [Fast Refresh] done in 200ms @ webpack-internal:///(app-pages-browser)/./node_modules/next/dist/client/dev/report-hmr-latency.js:13
[  439454ms] [LOG] [Fast Refresh] rebuilding @ webpack-internal:///(app-pages-browser)/./node_modules/next/dist/client/dev/hot-reloader/app/hot-reloader-app.js:196
[  439666ms] [LOG] [Fast Refresh] rebuilding @ webpack-internal:///(app-pages-browser)/./node_modules/next/dist/client/dev/hot-reloader/app/hot-reloader-app.js:196
[  439720ms] [LOG] [Fast Refresh] done in 54ms @ webpack-internal:///(app-pages-browser)/./node_modules/next/dist/client/dev/report-hmr-latency.js:13
[  439842ms] [LOG] [Fast Refresh] rebuilding @ webpack-internal:///(app-pages-browser)/./node_modules/next/dist/client/dev/hot-reloader/app/hot-reloader-app.js:196
[  439946ms] [LOG] [Fast Refresh] done in 104ms @ webpack-internal:///(app-pages-browser)/./node_modules/next/dist/client/dev/report-hmr-latency.js:13
[  440014ms] [LOG] [Fast Refresh] rebuilding @ webpack-internal:///(app-pages-browser)/./node_modules/next/dist/client/dev/hot-reloader/app/hot-reloader-app.js:196
[  440039ms] [LOG] [Fast Refresh] done in 25ms @ webpack-internal:///(app-pages-browser)/./node_modules/next/dist/client/dev/report-hmr-latency.js:13
[  440168ms] [LOG] [Fast Refresh] rebuilding @ webpack-internal:///(app-pages-browser)/./node_modules/next/dist/client/dev/hot-reloader/app/hot-reloader-app.js:196
[  440243ms] [LOG] [Fast Refresh] done in 74ms @ webpack-internal:///(app-pages-browser)/./node_modules/next/dist/client/dev/report-hmr-latency.js:13
[  440308ms] [LOG] [Fast Refresh] rebuilding @ webpack-internal:///(app-pages-browser)/./node_modules/next/dist/client/dev/hot-reloader/app/hot-reloader-app.js:196
[  440397ms] [LOG] [Fast Refresh] done in 89ms @ webpack-internal:///(app-pages-browser)/./node_modules/next/dist/client/dev/report-hmr-latency.js:13
[  440457ms] [LOG] [Fast Refresh] rebuilding @ webpack-internal:///(app-pages-browser)/./node_modules/next/dist/client/dev/hot-reloader/app/hot-reloader-app.js:196
[  440486ms] [LOG] [Fast Refresh] done in 30ms @ webpack-internal:///(app-pages-browser)/./node_modules/next/dist/client/dev/report-hmr-latency.js:13
[  440625ms] [LOG] [Fast Refresh] rebuilding @ webpack-internal:///(app-pages-browser)/./node_modules/next/dist/client/dev/hot-reloader/app/hot-reloader-app.js:196
[  440655ms] [LOG] [Fast Refresh] done in 31ms @ webpack-internal:///(app-pages-browser)/./node_modules/next/dist/client/dev/report-hmr-latency.js:13
[  443051ms] [LOG] [Fast Refresh] done in 2426ms @ webpack-internal:///(app-pages-browser)/./node_modules/next/dist/client/dev/report-hmr-latency.js:13
[  443055ms] [LOG] [Fast Refresh] rebuilding @ webpack-internal:///(app-pages-browser)/./node_modules/next/dist/client/dev/hot-reloader/app/hot-reloader-app.js:196
[  443222ms] [LOG] [Fast Refresh] done in 168ms @ webpack-internal:///(app-pages-browser)/./node_modules/next/dist/client/dev/report-hmr-latency.js:13
[  443225ms] [LOG] [Fast Refresh] rebuilding @ webpack-internal:///(app-pages-browser)/./node_modules/next/dist/client/dev/hot-reloader/app/hot-reloader-app.js:196
[  443561ms] [ERROR] Failed to load resource: the server responded with a status of 500 (Internal Server Error) @ http://localhost:3000/en/discover?_rsc=-AvGTN4CahHqvwM-:0
[  443691ms] [LOG] [Fast Refresh] rebuilding @ webpack-internal:///(app-pages-browser)/./node_modules/next/dist/client/dev/hot-reloader/app/hot-reloader-app.js:196
[  443876ms] [LOG] [Fast Refresh] done in 186ms @ webpack-internal:///(app-pages-browser)/./node_modules/next/dist/client/dev/report-hmr-latency.js:13
[  444067ms] [LOG] [Fast Refresh] rebuilding @ webpack-internal:///(app-pages-browser)/./node_modules/next/dist/client/dev/hot-reloader/app/hot-reloader-app.js:196
[  444146ms] [LOG] [Fast Refresh] done in 79ms @ webpack-internal:///(app-pages-browser)/./node_modules/next/dist/client/dev/report-hmr-latency.js:13
[  444258ms] [LOG] [Fast Refresh] rebuilding @ webpack-internal:///(app-pages-browser)/./node_modules/next/dist/client/dev/hot-reloader/app/hot-reloader-app.js:196
[  444326ms] [LOG] [Fast Refresh] done in 68ms @ webpack-internal:///(app-pages-browser)/./node_modules/next/dist/client/dev/report-hmr-latency.js:13
[  444380ms] [LOG] [Fast Refresh] rebuilding @ webpack-internal:///(app-pages-browser)/./node_modules/next/dist/client/dev/hot-reloader/app/hot-reloader-app.js:196
[  444435ms] [LOG] [Fast Refresh] done in 54ms @ webpack-internal:///(app-pages-browser)/./node_modules/next/dist/client/dev/report-hmr-latency.js:13
[  444584ms] [LOG] [Fast Refresh] rebuilding @ webpack-internal:///(app-pages-browser)/./node_modules/next/dist/client/dev/hot-reloader/app/hot-reloader-app.js:196
[  444700ms] [LOG] [Fast Refresh] done in 115ms @ webpack-internal:///(app-pages-browser)/./node_modules/next/dist/client/dev/report-hmr-latency.js:13
[  444805ms] [LOG] [Fast Refresh] rebuilding @ webpack-internal:///(app-pages-browser)/./node_modules/next/dist/client/dev/hot-reloader/app/hot-reloader-app.js:196
[  444834ms] [LOG] [Fast Refresh] done in 30ms @ webpack-internal:///(app-pages-browser)/./node_modules/next/dist/client/dev/report-hmr-latency.js:13
[  444983ms] [LOG] [Fast Refresh] rebuilding @ webpack-internal:///(app-pages-browser)/./node_modules/next/dist/client/dev/hot-reloader/app/hot-reloader-app.js:196
[  445045ms] [LOG] [Fast Refresh] done in 61ms @ webpack-internal:///(app-pages-browser)/./node_modules/next/dist/client/dev/report-hmr-latency.js:13
[  445198ms] [LOG] [Fast Refresh] rebuilding @ webpack-internal:///(app-pages-browser)/./node_modules/next/dist/client/dev/hot-reloader/app/hot-reloader-app.js:196
[  445334ms] [LOG] [Fast Refresh] done in 136ms @ webpack-internal:///(app-pages-browser)/./node_modules/next/dist/client/dev/report-hmr-latency.js:13
[  445407ms] [LOG] [Fast Refresh] rebuilding @ webpack-internal:///(app-pages-browser)/./node_modules/next/dist/client/dev/hot-reloader/app/hot-reloader-app.js:196
[  445509ms] [LOG] [Fast Refresh] done in 101ms @ webpack-internal:///(app-pages-browser)/./node_modules/next/dist/client/dev/report-hmr-latency.js:13
[  445636ms] [LOG] [Fast Refresh] rebuilding @ webpack-internal:///(app-pages-browser)/./node_modules/next/dist/client/dev/hot-reloader/app/hot-reloader-app.js:196
[  445728ms] [LOG] [Fast Refresh] done in 92ms @ webpack-internal:///(app-pages-browser)/./node_modules/next/dist/client/dev/report-hmr-latency.js:13
[  445800ms] [LOG] [Fast Refresh] rebuilding @ webpack-internal:///(app-pages-browser)/./node_modules/next/dist/client/dev/hot-reloader/app/hot-reloader-app.js:196
[  445818ms] [LOG] [Fast Refresh] done in 18ms @ webpack-internal:///(app-pages-browser)/./node_modules/next/dist/client/dev/report-hmr-latency.js:13
[  446042ms] [LOG] [Fast Refresh] rebuilding @ webpack-internal:///(app-pages-browser)/./node_modules/next/dist/client/dev/hot-reloader/app/hot-reloader-app.js:196
[  446077ms] [LOG] [Fast Refresh] done in 35ms @ webpack-internal:///(app-pages-browser)/./node_modules/next/dist/client/dev/report-hmr-latency.js:13
[  446261ms] [LOG] [Fast Refresh] rebuilding @ webpack-internal:///(app-pages-browser)/./node_modules/next/dist/client/dev/hot-reloader/app/hot-reloader-app.js:196
[  446301ms] [LOG] [Fast Refresh] done in 40ms @ webpack-internal:///(app-pages-browser)/./node_modules/next/dist/client/dev/report-hmr-latency.js:13
[  446442ms] [LOG] [Fast Refresh] rebuilding @ webpack-internal:///(app-pages-browser)/./node_modules/next/dist/client/dev/hot-reloader/app/hot-reloader-app.js:196
[  446569ms] [LOG] [Fast Refresh] done in 127ms @ webpack-internal:///(app-pages-browser)/./node_modules/next/dist/client/dev/report-hmr-latency.js:13
[  446654ms] [LOG] [Fast Refresh] rebuilding @ webpack-internal:///(app-pages-browser)/./node_modules/next/dist/client/dev/hot-reloader/app/hot-reloader-app.js:196
[  446695ms] [LOG] [Fast Refresh] done in 41ms @ webpack-internal:///(app-pages-browser)/./node_modules/next/dist/client/dev/report-hmr-latency.js:13
[  446888ms] [LOG] [Fast Refresh] rebuilding @ webpack-internal:///(app-pages-browser)/./node_modules/next/dist/client/dev/hot-reloader/app/hot-reloader-app.js:196
[  446968ms] [LOG] [Fast Refresh] done in 80ms @ webpack-internal:///(app-pages-browser)/./node_modules/next/dist/client/dev/report-hmr-latency.js:13
[  447038ms] [LOG] [Fast Refresh] rebuilding @ webpack-internal:///(app-pages-browser)/./node_modules/next/dist/client/dev/hot-reloader/app/hot-reloader-app.js:196
[  447147ms] [LOG] [Fast Refresh] done in 110ms @ webpack-internal:///(app-pages-browser)/./node_modules/next/dist/client/dev/report-hmr-latency.js:13
[  447223ms] [LOG] [Fast Refresh] rebuilding @ webpack-internal:///(app-pages-browser)/./node_modules/next/dist/client/dev/hot-reloader/app/hot-reloader-app.js:196
[  447259ms] [LOG] [Fast Refresh] done in 35ms @ webpack-internal:///(app-pages-browser)/./node_modules/next/dist/client/dev/report-hmr-latency.js:13
[  447404ms] [LOG] [Fast Refresh] rebuilding @ webpack-internal:///(app-pages-browser)/./node_modules/next/dist/client/dev/hot-reloader/app/hot-reloader-app.js:196
[  447516ms] [LOG] [Fast Refresh] done in 112ms @ webpack-internal:///(app-pages-browser)/./node_modules/next/dist/client/dev/report-hmr-latency.js:13
[  447593ms] [LOG] [Fast Refresh] rebuilding @ webpack-internal:///(app-pages-browser)/./node_modules/next/dist/client/dev/hot-reloader/app/hot-reloader-app.js:196
[  447628ms] [LOG] [Fast Refresh] done in 35ms @ webpack-internal:///(app-pages-browser)/./node_modules/next/dist/client/dev/report-hmr-latency.js:13
[  447787ms] [LOG] [Fast Refresh] rebuilding @ webpack-internal:///(app-pages-browser)/./node_modules/next/dist/client/dev/hot-reloader/app/hot-reloader-app.js:196
[  447874ms] [LOG] [Fast Refresh] done in 88ms @ webpack-internal:///(app-pages-browser)/./node_modules/next/dist/client/dev/report-hmr-latency.js:13
[  447948ms] [LOG] [Fast Refresh] rebuilding @ webpack-internal:///(app-pages-browser)/./node_modules/next/dist/client/dev/hot-reloader/app/hot-reloader-app.js:196
[  448002ms] [LOG] [Fast Refresh] done in 54ms @ webpack-internal:///(app-pages-browser)/./node_modules/next/dist/client/dev/report-hmr-latency.js:13
[  448140ms] [LOG] [Fast Refresh] rebuilding @ webpack-internal:///(app-pages-browser)/./node_modules/next/dist/client/dev/hot-reloader/app/hot-reloader-app.js:196
[  448155ms] [LOG] [Fast Refresh] done in 16ms @ webpack-internal:///(app-pages-browser)/./node_modules/next/dist/client/dev/report-hmr-latency.js:13
[  448300ms] [LOG] [Fast Refresh] rebuilding @ webpack-internal:///(app-pages-browser)/./node_modules/next/dist/client/dev/hot-reloader/app/hot-reloader-app.js:196
[  448327ms] [LOG] [Fast Refresh] done in 26ms @ webpack-internal:///(app-pages-browser)/./node_modules/next/dist/client/dev/report-hmr-latency.js:13
[  448478ms] [LOG] [Fast Refresh] rebuilding @ webpack-internal:///(app-pages-browser)/./node_modules/next/dist/client/dev/hot-reloader/app/hot-reloader-app.js:196
[  448552ms] [LOG] [Fast Refresh] done in 74ms @ webpack-internal:///(app-pages-browser)/./node_modules/next/dist/client/dev/report-hmr-latency.js:13
[  448623ms] [LOG] [Fast Refresh] rebuilding @ webpack-internal:///(app-pages-browser)/./node_modules/next/dist/client/dev/hot-reloader/app/hot-reloader-app.js:196
[  448718ms] [LOG] [Fast Refresh] done in 95ms @ webpack-internal:///(app-pages-browser)/./node_modules/next/dist/client/dev/report-hmr-latency.js:13
[  448770ms] [LOG] [Fast Refresh] rebuilding @ webpack-internal:///(app-pages-browser)/./node_modules/next/dist/client/dev/hot-reloader/app/hot-reloader-app.js:196
[  448790ms] [LOG] [Fast Refresh] done in 20ms @ webpack-internal:///(app-pages-browser)/./node_modules/next/dist/client/dev/report-hmr-latency.js:13
[  448937ms] [LOG] [Fast Refresh] rebuilding @ webpack-internal:///(app-pages-browser)/./node_modules/next/dist/client/dev/hot-reloader/app/hot-reloader-app.js:196
[  449053ms] [LOG] [Fast Refresh] done in 116ms @ webpack-internal:///(app-pages-browser)/./node_modules/next/dist/client/dev/report-hmr-latency.js:13
[  449116ms] [LOG] [Fast Refresh] rebuilding @ webpack-internal:///(app-pages-browser)/./node_modules/next/dist/client/dev/hot-reloader/app/hot-reloader-app.js:196
[  449149ms] [LOG] [Fast Refresh] done in 33ms @ webpack-internal:///(app-pages-browser)/./node_modules/next/dist/client/dev/report-hmr-latency.js:13
[  449376ms] [LOG] [Fast Refresh] rebuilding @ webpack-internal:///(app-pages-browser)/./node_modules/next/dist/client/dev/hot-reloader/app/hot-reloader-app.js:196
[  449459ms] [LOG] [Fast Refresh] done in 84ms @ webpack-internal:///(app-pages-browser)/./node_modules/next/dist/client/dev/report-hmr-latency.js:13
[  449546ms] [LOG] [Fast Refresh] rebuilding @ webpack-internal:///(app-pages-browser)/./node_modules/next/dist/client/dev/hot-reloader/app/hot-reloader-app.js:196
[  449627ms] [LOG] [Fast Refresh] done in 81ms @ webpack-internal:///(app-pages-browser)/./node_modules/next/dist/client/dev/report-hmr-latency.js:13
[  449696ms] [LOG] [Fast Refresh] rebuilding @ webpack-internal:///(app-pages-browser)/./node_modules/next/dist/client/dev/hot-reloader/app/hot-reloader-app.js:196
[  449725ms] [LOG] [Fast Refresh] done in 29ms @ webpack-internal:///(app-pages-browser)/./node_modules/next/dist/client/dev/report-hmr-latency.js:13
[  449886ms] [LOG] [Fast Refresh] rebuilding @ webpack-internal:///(app-pages-browser)/./node_modules/next/dist/client/dev/hot-reloader/app/hot-reloader-app.js:196
[  449978ms] [LOG] [Fast Refresh] done in 93ms @ webpack-internal:///(app-pages-browser)/./node_modules/next/dist/client/dev/report-hmr-latency.js:13
[  450066ms] [LOG] [Fast Refresh] rebuilding @ webpack-internal:///(app-pages-browser)/./node_modules/next/dist/client/dev/hot-reloader/app/hot-reloader-app.js:196
[  450118ms] [LOG] [Fast Refresh] done in 51ms @ webpack-internal:///(app-pages-browser)/./node_modules/next/dist/client/dev/report-hmr-latency.js:13
[  450215ms] [LOG] [Fast Refresh] rebuilding @ webpack-internal:///(app-pages-browser)/./node_modules/next/dist/client/dev/hot-reloader/app/hot-reloader-app.js:196
[  450289ms] [LOG] [Fast Refresh] done in 75ms @ webpack-internal:///(app-pages-browser)/./node_modules/next/dist/client/dev/report-hmr-latency.js:13
[  450346ms] [LOG] [Fast Refresh] rebuilding @ webpack-internal:///(app-pages-browser)/./node_modules/next/dist/client/dev/hot-reloader/app/hot-reloader-app.js:196
[  450472ms] [LOG] [Fast Refresh] done in 125ms @ webpack-internal:///(app-pages-browser)/./node_modules/next/dist/client/dev/report-hmr-latency.js:13
[  450543ms] [LOG] [Fast Refresh] rebuilding @ webpack-internal:///(app-pages-browser)/./node_modules/next/dist/client/dev/hot-reloader/app/hot-reloader-app.js:196
[  450566ms] [LOG] [Fast Refresh] done in 24ms @ webpack-internal:///(app-pages-browser)/./node_modules/next/dist/client/dev/report-hmr-latency.js:13
[  450719ms] [LOG] [Fast Refresh] rebuilding @ webpack-internal:///(app-pages-browser)/./node_modules/next/dist/client/dev/hot-reloader/app/hot-reloader-app.js:196
[  450755ms] [LOG] [Fast Refresh] done in 37ms @ webpack-internal:///(app-pages-browser)/./node_modules/next/dist/client/dev/report-hmr-latency.js:13
[  450908ms] [LOG] [Fast Refresh] rebuilding @ webpack-internal:///(app-pages-browser)/./node_modules/next/dist/client/dev/hot-reloader/app/hot-reloader-app.js:196
[  450939ms] [LOG] [Fast Refresh] done in 31ms @ webpack-internal:///(app-pages-browser)/./node_modules/next/dist/client/dev/report-hmr-latency.js:13
[  451092ms] [LOG] [Fast Refresh] rebuilding @ webpack-internal:///(app-pages-browser)/./node_modules/next/dist/client/dev/hot-reloader/app/hot-reloader-app.js:196
[  451189ms] [LOG] [Fast Refresh] done in 97ms @ webpack-internal:///(app-pages-browser)/./node_modules/next/dist/client/dev/report-hmr-latency.js:13
[  451254ms] [LOG] [Fast Refresh] rebuilding @ webpack-internal:///(app-pages-browser)/./node_modules/next/dist/client/dev/hot-reloader/app/hot-reloader-app.js:196
[  451292ms] [LOG] [Fast Refresh] done in 37ms @ webpack-internal:///(app-pages-browser)/./node_modules/next/dist/client/dev/report-hmr-latency.js:13
[  451432ms] [LOG] [Fast Refresh] rebuilding @ webpack-internal:///(app-pages-browser)/./node_modules/next/dist/client/dev/hot-reloader/app/hot-reloader-app.js:196
[  451482ms] [LOG] [Fast Refresh] done in 51ms @ webpack-internal:///(app-pages-browser)/./node_modules/next/dist/client/dev/report-hmr-latency.js:13
[  451618ms] [LOG] [Fast Refresh] rebuilding @ webpack-internal:///(app-pages-browser)/./node_modules/next/dist/client/dev/hot-reloader/app/hot-reloader-app.js:196
[  451636ms] [LOG] [Fast Refresh] done in 17ms @ webpack-internal:///(app-pages-browser)/./node_modules/next/dist/client/dev/report-hmr-latency.js:13
[  451805ms] [LOG] [Fast Refresh] rebuilding @ webpack-internal:///(app-pages-browser)/./node_modules/next/dist/client/dev/hot-reloader/app/hot-reloader-app.js:196
[  451835ms] [LOG] [Fast Refresh] done in 31ms @ webpack-internal:///(app-pages-browser)/./node_modules/next/dist/client/dev/report-hmr-latency.js:13
[  452001ms] [LOG] [Fast Refresh] rebuilding @ webpack-internal:///(app-pages-browser)/./node_modules/next/dist/client/dev/hot-reloader/app/hot-reloader-app.js:196
[  452065ms] [LOG] [Fast Refresh] done in 63ms @ webpack-internal:///(app-pages-browser)/./node_modules/next/dist/client/dev/report-hmr-latency.js:13
[  452162ms] [LOG] [Fast Refresh] rebuilding @ webpack-internal:///(app-pages-browser)/./node_modules/next/dist/client/dev/hot-reloader/app/hot-reloader-app.js:196
[  452236ms] [LOG] [Fast Refresh] done in 74ms @ webpack-internal:///(app-pages-browser)/./node_modules/next/dist/client/dev/report-hmr-latency.js:13
[  452299ms] [LOG] [Fast Refresh] rebuilding @ webpack-internal:///(app-pages-browser)/./node_modules/next/dist/client/dev/hot-reloader/app/hot-reloader-app.js:196
[  452387ms] [LOG] [Fast Refresh] done in 87ms @ webpack-internal:///(app-pages-browser)/./node_modules/next/dist/client/dev/report-hmr-latency.js:13
[  452500ms] [LOG] [Fast Refresh] rebuilding @ webpack-internal:///(app-pages-browser)/./node_modules/next/dist/client/dev/hot-reloader/app/hot-reloader-app.js:196
[  452577ms] [LOG] [Fast Refresh] done in 78ms @ webpack-internal:///(app-pages-browser)/./node_modules/next/dist/client/dev/report-hmr-latency.js:13
[  452673ms] [LOG] [Fast Refresh] rebuilding @ webpack-internal:///(app-pages-browser)/./node_modules/next/dist/client/dev/hot-reloader/app/hot-reloader-app.js:196
[  452711ms] [LOG] [Fast Refresh] done in 38ms @ webpack-internal:///(app-pages-browser)/./node_modules/next/dist/client/dev/report-hmr-latency.js:13
[  452842ms] [LOG] [Fast Refresh] rebuilding @ webpack-internal:///(app-pages-browser)/./node_modules/next/dist/client/dev/hot-reloader/app/hot-reloader-app.js:196
[  452950ms] [LOG] [Fast Refresh] done in 109ms @ webpack-internal:///(app-pages-browser)/./node_modules/next/dist/client/dev/report-hmr-latency.js:13
[  453013ms] [LOG] [Fast Refresh] rebuilding @ webpack-internal:///(app-pages-browser)/./node_modules/next/dist/client/dev/hot-reloader/app/hot-reloader-app.js:196
[  453033ms] [LOG] [Fast Refresh] done in 20ms @ webpack-internal:///(app-pages-browser)/./node_modules/next/dist/client/dev/report-hmr-latency.js:13
[  453180ms] [LOG] [Fast Refresh] rebuilding @ webpack-internal:///(app-pages-browser)/./node_modules/next/dist/client/dev/hot-reloader/app/hot-reloader-app.js:196
[  453207ms] [LOG] [Fast Refresh] done in 26ms @ webpack-internal:///(app-pages-browser)/./node_modules/next/dist/client/dev/report-hmr-latency.js:13
[  453381ms] [LOG] [Fast Refresh] rebuilding @ webpack-internal:///(app-pages-browser)/./node_modules/next/dist/client/dev/hot-reloader/app/hot-reloader-app.js:196
[  453460ms] [LOG] [Fast Refresh] done in 78ms @ webpack-internal:///(app-pages-browser)/./node_modules/next/dist/client/dev/report-hmr-latency.js:13
[  453638ms] [LOG] [Fast Refresh] rebuilding @ webpack-internal:///(app-pages-browser)/./node_modules/next/dist/client/dev/hot-reloader/app/hot-reloader-app.js:196
[  453671ms] [LOG] [Fast Refresh] done in 33ms @ webpack-internal:///(app-pages-browser)/./node_modules/next/dist/client/dev/report-hmr-latency.js:13
[  453887ms] [LOG] [Fast Refresh] rebuilding @ webpack-internal:///(app-pages-browser)/./node_modules/next/dist/client/dev/hot-reloader/app/hot-reloader-app.js:196
[  453912ms] [LOG] [Fast Refresh] done in 24ms @ webpack-internal:///(app-pages-browser)/./node_modules/next/dist/client/dev/report-hmr-latency.js:13
[  454133ms] [LOG] [Fast Refresh] rebuilding @ webpack-internal:///(app-pages-browser)/./node_modules/next/dist/client/dev/hot-reloader/app/hot-reloader-app.js:196
[  454165ms] [LOG] [Fast Refresh] done in 33ms @ webpack-internal:///(app-pages-browser)/./node_modules/next/dist/client/dev/report-hmr-latency.js:13
[  454551ms] [LOG] [Fast Refresh] done in 419ms @ webpack-internal:///(app-pages-browser)/./node_modules/next/dist/client/dev/report-hmr-latency.js:13
[  454554ms] [LOG] [Fast Refresh] rebuilding @ webpack-internal:///(app-pages-browser)/./node_modules/next/dist/client/dev/hot-reloader/app/hot-reloader-app.js:196
[  454807ms] [ERROR] Failed to load resource: the server responded with a status of 500 (Internal Server Error) @ http://localhost:3000/en/discover?_rsc=-AvGTN4CahHqvwM-:0
[  454810ms] [LOG] [Fast Refresh] done in 257ms @ webpack-internal:///(app-pages-browser)/./node_modules/next/dist/client/dev/report-hmr-latency.js:13
[  454813ms] [LOG] [Fast Refresh] rebuilding @ webpack-internal:///(app-pages-browser)/./node_modules/next/dist/client/dev/hot-reloader/app/hot-reloader-app.js:196
[  455296ms] [LOG] [Fast Refresh] done in 483ms @ webpack-internal:///(app-pages-browser)/./node_modules/next/dist/client/dev/report-hmr-latency.js:13
[  455299ms] [LOG] [Fast Refresh] rebuilding @ webpack-internal:///(app-pages-browser)/./node_modules/next/dist/client/dev/hot-reloader/app/hot-reloader-app.js:196
[  455581ms] [LOG] [Fast Refresh] done in 283ms @ webpack-internal:///(app-pages-browser)/./node_modules/next/dist/client/dev/report-hmr-latency.js:13
[  455584ms] [LOG] [Fast Refresh] rebuilding @ webpack-internal:///(app-pages-browser)/./node_modules/next/dist/client/dev/hot-reloader/app/hot-reloader-app.js:196
[  455834ms] [LOG] [Fast Refresh] rebuilding @ webpack-internal:///(app-pages-browser)/./node_modules/next/dist/client/dev/hot-reloader/app/hot-reloader-app.js:196
[  455850ms] [LOG] [Fast Refresh] done in 17ms @ webpack-internal:///(app-pages-browser)/./node_modules/next/dist/client/dev/report-hmr-latency.js:13
[  456026ms] [LOG] [Fast Refresh] rebuilding @ webpack-internal:///(app-pages-browser)/./node_modules/next/dist/client/dev/hot-reloader/app/hot-reloader-app.js:196
[  456039ms] [LOG] [Fast Refresh] done in 12ms @ webpack-internal:///(app-pages-browser)/./node_modules/next/dist/client/dev/report-hmr-latency.js:13
[  456195ms] [LOG] [Fast Refresh] rebuilding @ webpack-internal:///(app-pages-browser)/./node_modules/next/dist/client/dev/hot-reloader/app/hot-reloader-app.js:196
[  456207ms] [LOG] [Fast Refresh] done in 12ms @ webpack-internal:///(app-pages-browser)/./node_modules/next/dist/client/dev/report-hmr-latency.js:13
[  456368ms] [LOG] [Fast Refresh] rebuilding @ webpack-internal:///(app-pages-browser)/./node_modules/next/dist/client/dev/hot-reloader/app/hot-reloader-app.js:196
[  456384ms] [LOG] [Fast Refresh] done in 16ms @ webpack-internal:///(app-pages-browser)/./node_modules/next/dist/client/dev/report-hmr-latency.js:13
[  456546ms] [LOG] [Fast Refresh] rebuilding @ webpack-internal:///(app-pages-browser)/./node_modules/next/dist/client/dev/hot-reloader/app/hot-reloader-app.js:196
[  456557ms] [LOG] [Fast Refresh] done in 11ms @ webpack-internal:///(app-pages-browser)/./node_modules/next/dist/client/dev/report-hmr-latency.js:13
[  456720ms] [LOG] [Fast Refresh] rebuilding @ webpack-internal:///(app-pages-browser)/./node_modules/next/dist/client/dev/hot-reloader/app/hot-reloader-app.js:196
[  456733ms] [LOG] [Fast Refresh] done in 13ms @ webpack-internal:///(app-pages-browser)/./node_modules/next/dist/client/dev/report-hmr-latency.js:13
[  456898ms] [LOG] [Fast Refresh] rebuilding @ webpack-internal:///(app-pages-browser)/./node_modules/next/dist/client/dev/hot-reloader/app/hot-reloader-app.js:196
[  456913ms] [LOG] [Fast Refresh] done in 15ms @ webpack-internal:///(app-pages-browser)/./node_modules/next/dist/client/dev/report-hmr-latency.js:13
[  457069ms] [LOG] [Fast Refresh] rebuilding @ webpack-internal:///(app-pages-browser)/./node_modules/next/dist/client/dev/hot-reloader/app/hot-reloader-app.js:196
[  457083ms] [LOG] [Fast Refresh] done in 15ms @ webpack-internal:///(app-pages-browser)/./node_modules/next/dist/client/dev/report-hmr-latency.js:13
[  457243ms] [LOG] [Fast Refresh] rebuilding @ webpack-internal:///(app-pages-browser)/./node_modules/next/dist/client/dev/hot-reloader/app/hot-reloader-app.js:196
[  457252ms] [LOG] [Fast Refresh] done in 10ms @ webpack-internal:///(app-pages-browser)/./node_modules/next/dist/client/dev/report-hmr-latency.js:13
[  457412ms] [LOG] [Fast Refresh] rebuilding @ webpack-internal:///(app-pages-browser)/./node_modules/next/dist/client/dev/hot-reloader/app/hot-reloader-app.js:196
[  457429ms] [LOG] [Fast Refresh] done in 17ms @ webpack-internal:///(app-pages-browser)/./node_modules/next/dist/client/dev/report-hmr-latency.js:13
[  457623ms] [LOG] [Fast Refresh] rebuilding @ webpack-internal:///(app-pages-browser)/./node_modules/next/dist/client/dev/hot-reloader/app/hot-reloader-app.js:196
[  457636ms] [LOG] [Fast Refresh] done in 14ms @ webpack-internal:///(app-pages-browser)/./node_modules/next/dist/client/dev/report-hmr-latency.js:13
[  457822ms] [LOG] [Fast Refresh] rebuilding @ webpack-internal:///(app-pages-browser)/./node_modules/next/dist/client/dev/hot-reloader/app/hot-reloader-app.js:196
[  457835ms] [LOG] [Fast Refresh] done in 13ms @ webpack-internal:///(app-pages-browser)/./node_modules/next/dist/client/dev/report-hmr-latency.js:13
[  457958ms] [LOG] [Fast Refresh] rebuilding @ webpack-internal:///(app-pages-browser)/./node_modules/next/dist/client/dev/hot-reloader/app/hot-reloader-app.js:196
[  457970ms] [LOG] [Fast Refresh] done in 11ms @ webpack-internal:///(app-pages-browser)/./node_modules/next/dist/client/dev/report-hmr-latency.js:13
[  458138ms] [LOG] [Fast Refresh] rebuilding @ webpack-internal:///(app-pages-browser)/./node_modules/next/dist/client/dev/hot-reloader/app/hot-reloader-app.js:196
[  458149ms] [LOG] [Fast Refresh] done in 11ms @ webpack-internal:///(app-pages-browser)/./node_modules/next/dist/client/dev/report-hmr-latency.js:13
[  458321ms] [LOG] [Fast Refresh] rebuilding @ webpack-internal:///(app-pages-browser)/./node_modules/next/dist/client/dev/hot-reloader/app/hot-reloader-app.js:196
[  458334ms] [LOG] [Fast Refresh] done in 13ms @ webpack-internal:///(app-pages-browser)/./node_modules/next/dist/client/dev/report-hmr-latency.js:13
[  458522ms] [LOG] [Fast Refresh] rebuilding @ webpack-internal:///(app-pages-browser)/./node_modules/next/dist/client/dev/hot-reloader/app/hot-reloader-app.js:196
[  458542ms] [LOG] [Fast Refresh] done in 21ms @ webpack-internal:///(app-pages-browser)/./node_modules/next/dist/client/dev/report-hmr-latency.js:13
[  458688ms] [LOG] [Fast Refresh] rebuilding @ webpack-internal:///(app-pages-browser)/./node_modules/next/dist/client/dev/hot-reloader/app/hot-reloader-app.js:196
[  458701ms] [LOG] [Fast Refresh] done in 12ms @ webpack-internal:///(app-pages-browser)/./node_modules/next/dist/client/dev/report-hmr-latency.js:13
[  458855ms] [LOG] [Fast Refresh] rebuilding @ webpack-internal:///(app-pages-browser)/./node_modules/next/dist/client/dev/hot-reloader/app/hot-reloader-app.js:196
[  458867ms] [LOG] [Fast Refresh] done in 12ms @ webpack-internal:///(app-pages-browser)/./node_modules/next/dist/client/dev/report-hmr-latency.js:13
[  459022ms] [LOG] [Fast Refresh] rebuilding @ webpack-internal:///(app-pages-browser)/./node_modules/next/dist/client/dev/hot-reloader/app/hot-reloader-app.js:196
[  459035ms] [LOG] [Fast Refresh] done in 13ms @ webpack-internal:///(app-pages-browser)/./node_modules/next/dist/client/dev/report-hmr-latency.js:13
[  459171ms] [LOG] [Fast Refresh] rebuilding @ webpack-internal:///(app-pages-browser)/./node_modules/next/dist/client/dev/hot-reloader/app/hot-reloader-app.js:196
[  459182ms] [LOG] [Fast Refresh] done in 11ms @ webpack-internal:///(app-pages-browser)/./node_modules/next/dist/client/dev/report-hmr-latency.js:13
[  459329ms] [LOG] [Fast Refresh] rebuilding @ webpack-internal:///(app-pages-browser)/./node_modules/next/dist/client/dev/hot-reloader/app/hot-reloader-app.js:196
[  459343ms] [LOG] [Fast Refresh] done in 14ms @ webpack-internal:///(app-pages-browser)/./node_modules/next/dist/client/dev/report-hmr-latency.js:13
[  459477ms] [LOG] [Fast Refresh] rebuilding @ webpack-internal:///(app-pages-browser)/./node_modules/next/dist/client/dev/hot-reloader/app/hot-reloader-app.js:196
[  459489ms] [LOG] [Fast Refresh] done in 11ms @ webpack-internal:///(app-pages-browser)/./node_modules/next/dist/client/dev/report-hmr-latency.js:13
[  459651ms] [LOG] [Fast Refresh] rebuilding @ webpack-internal:///(app-pages-browser)/./node_modules/next/dist/client/dev/hot-reloader/app/hot-reloader-app.js:196
[  459658ms] [LOG] [Fast Refresh] done in 8ms @ webpack-internal:///(app-pages-browser)/./node_modules/next/dist/client/dev/report-hmr-latency.js:13
[  459814ms] [LOG] [Fast Refresh] rebuilding @ webpack-internal:///(app-pages-browser)/./node_modules/next/dist/client/dev/hot-reloader/app/hot-reloader-app.js:196
[  459832ms] [LOG] [Fast Refresh] done in 17ms @ webpack-internal:///(app-pages-browser)/./node_modules/next/dist/client/dev/report-hmr-latency.js:13
[  459952ms] [LOG] [Fast Refresh] rebuilding @ webpack-internal:///(app-pages-browser)/./node_modules/next/dist/client/dev/hot-reloader/app/hot-reloader-app.js:196
[  459965ms] [LOG] [Fast Refresh] done in 13ms @ webpack-internal:///(app-pages-browser)/./node_modules/next/dist/client/dev/report-hmr-latency.js:13
[  460079ms] [LOG] [Fast Refresh] rebuilding @ webpack-internal:///(app-pages-browser)/./node_modules/next/dist/client/dev/hot-reloader/app/hot-reloader-app.js:196
[  460091ms] [LOG] [Fast Refresh] done in 13ms @ webpack-internal:///(app-pages-browser)/./node_modules/next/dist/client/dev/report-hmr-latency.js:13
[  460205ms] [LOG] [Fast Refresh] rebuilding @ webpack-internal:///(app-pages-browser)/./node_modules/next/dist/client/dev/hot-reloader/app/hot-reloader-app.js:196
[  460218ms] [LOG] [Fast Refresh] done in 13ms @ webpack-internal:///(app-pages-browser)/./node_modules/next/dist/client/dev/report-hmr-latency.js:13
[  460350ms] [LOG] [Fast Refresh] rebuilding @ webpack-internal:///(app-pages-browser)/./node_modules/next/dist/client/dev/hot-reloader/app/hot-reloader-app.js:196
[  460364ms] [LOG] [Fast Refresh] done in 14ms @ webpack-internal:///(app-pages-browser)/./node_modules/next/dist/client/dev/report-hmr-latency.js:13
[  460480ms] [LOG] [Fast Refresh] rebuilding @ webpack-internal:///(app-pages-browser)/./node_modules/next/dist/client/dev/hot-reloader/app/hot-reloader-app.js:196
[  460492ms] [LOG] [Fast Refresh] done in 12ms @ webpack-internal:///(app-pages-browser)/./node_modules/next/dist/client/dev/report-hmr-latency.js:13
[  460649ms] [LOG] [Fast Refresh] rebuilding @ webpack-internal:///(app-pages-browser)/./node_modules/next/dist/client/dev/hot-reloader/app/hot-reloader-app.js:196
[  460662ms] [LOG] [Fast Refresh] done in 13ms @ webpack-internal:///(app-pages-browser)/./node_modules/next/dist/client/dev/report-hmr-latency.js:13
[  460784ms] [LOG] [Fast Refresh] rebuilding @ webpack-internal:///(app-pages-browser)/./node_modules/next/dist/client/dev/hot-reloader/app/hot-reloader-app.js:196
[  460796ms] [LOG] [Fast Refresh] done in 13ms @ webpack-internal:///(app-pages-browser)/./node_modules/next/dist/client/dev/report-hmr-latency.js:13
[  460946ms] [LOG] [Fast Refresh] rebuilding @ webpack-internal:///(app-pages-browser)/./node_modules/next/dist/client/dev/hot-reloader/app/hot-reloader-app.js:196
[  460957ms] [LOG] [Fast Refresh] done in 12ms @ webpack-internal:///(app-pages-browser)/./node_modules/next/dist/client/dev/report-hmr-latency.js:13
[  461109ms] [LOG] [Fast Refresh] rebuilding @ webpack-internal:///(app-pages-browser)/./node_modules/next/dist/client/dev/hot-reloader/app/hot-reloader-app.js:196
[  461121ms] [LOG] [Fast Refresh] done in 12ms @ webpack-internal:///(app-pages-browser)/./node_modules/next/dist/client/dev/report-hmr-latency.js:13
[  461284ms] [LOG] [Fast Refresh] rebuilding @ webpack-internal:///(app-pages-browser)/./node_modules/next/dist/client/dev/hot-reloader/app/hot-reloader-app.js:196
[  461302ms] [LOG] [Fast Refresh] done in 18ms @ webpack-internal:///(app-pages-browser)/./node_modules/next/dist/client/dev/report-hmr-latency.js:13
[  461425ms] [LOG] [Fast Refresh] rebuilding @ webpack-internal:///(app-pages-browser)/./node_modules/next/dist/client/dev/hot-reloader/app/hot-reloader-app.js:196
[  461451ms] [LOG] [Fast Refresh] done in 27ms @ webpack-internal:///(app-pages-browser)/./node_modules/next/dist/client/dev/report-hmr-latency.js:13
[  461594ms] [LOG] [Fast Refresh] rebuilding @ webpack-internal:///(app-pages-browser)/./node_modules/next/dist/client/dev/hot-reloader/app/hot-reloader-app.js:196
[  461602ms] [LOG] [Fast Refresh] done in 7ms @ webpack-internal:///(app-pages-browser)/./node_modules/next/dist/client/dev/report-hmr-latency.js:13
[  461787ms] [LOG] [Fast Refresh] rebuilding @ webpack-internal:///(app-pages-browser)/./node_modules/next/dist/client/dev/hot-reloader/app/hot-reloader-app.js:196
[  461799ms] [LOG] [Fast Refresh] done in 12ms @ webpack-internal:///(app-pages-browser)/./node_modules/next/dist/client/dev/report-hmr-latency.js:13
[  461987ms] [LOG] [Fast Refresh] rebuilding @ webpack-internal:///(app-pages-browser)/./node_modules/next/dist/client/dev/hot-reloader/app/hot-reloader-app.js:196
[  462000ms] [LOG] [Fast Refresh] done in 12ms @ webpack-internal:///(app-pages-browser)/./node_modules/next/dist/client/dev/report-hmr-latency.js:13
[  462167ms] [LOG] [Fast Refresh] rebuilding @ webpack-internal:///(app-pages-browser)/./node_modules/next/dist/client/dev/hot-reloader/app/hot-reloader-app.js:196
[  462184ms] [LOG] [Fast Refresh] done in 16ms @ webpack-internal:///(app-pages-browser)/./node_modules/next/dist/client/dev/report-hmr-latency.js:13
[  462339ms] [LOG] [Fast Refresh] rebuilding @ webpack-internal:///(app-pages-browser)/./node_modules/next/dist/client/dev/hot-reloader/app/hot-reloader-app.js:196
[  462350ms] [LOG] [Fast Refresh] done in 12ms @ webpack-internal:///(app-pages-browser)/./node_modules/next/dist/client/dev/report-hmr-latency.js:13
[  462489ms] [LOG] [Fast Refresh] rebuilding @ webpack-internal:///(app-pages-browser)/./node_modules/next/dist/client/dev/hot-reloader/app/hot-reloader-app.js:196
[  462502ms] [LOG] [Fast Refresh] done in 13ms @ webpack-internal:///(app-pages-browser)/./node_modules/next/dist/client/dev/report-hmr-latency.js:13
[  462642ms] [LOG] [Fast Refresh] rebuilding @ webpack-internal:///(app-pages-browser)/./node_modules/next/dist/client/dev/hot-reloader/app/hot-reloader-app.js:196
[  462656ms] [LOG] [Fast Refresh] done in 14ms @ webpack-internal:///(app-pages-browser)/./node_modules/next/dist/client/dev/report-hmr-latency.js:13
[  462811ms] [LOG] [Fast Refresh] rebuilding @ webpack-internal:///(app-pages-browser)/./node_modules/next/dist/client/dev/hot-reloader/app/hot-reloader-app.js:196
[  462824ms] [LOG] [Fast Refresh] done in 12ms @ webpack-internal:///(app-pages-browser)/./node_modules/next/dist/client/dev/report-hmr-latency.js:13
[  462956ms] [LOG] [Fast Refresh] rebuilding @ webpack-internal:///(app-pages-browser)/./node_modules/next/dist/client/dev/hot-reloader/app/hot-reloader-app.js:196
[  462971ms] [LOG] [Fast Refresh] done in 15ms @ webpack-internal:///(app-pages-browser)/./node_modules/next/dist/client/dev/report-hmr-latency.js:13
[  463238ms] [LOG] [Fast Refresh] rebuilding @ webpack-internal:///(app-pages-browser)/./node_modules/next/dist/client/dev/hot-reloader/app/hot-reloader-app.js:196
[  463253ms] [LOG] [Fast Refresh] done in 15ms @ webpack-internal:///(app-pages-browser)/./node_modules/next/dist/client/dev/report-hmr-latency.js:13
[  463431ms] [LOG] [Fast Refresh] rebuilding @ webpack-internal:///(app-pages-browser)/./node_modules/next/dist/client/dev/hot-reloader/app/hot-reloader-app.js:196
[  463443ms] [LOG] [Fast Refresh] done in 12ms @ webpack-internal:///(app-pages-browser)/./node_modules/next/dist/client/dev/report-hmr-latency.js:13
[  463625ms] [LOG] [Fast Refresh] rebuilding @ webpack-internal:///(app-pages-browser)/./node_modules/next/dist/client/dev/hot-reloader/app/hot-reloader-app.js:196
[  463646ms] [LOG] [Fast Refresh] done in 21ms @ webpack-internal:///(app-pages-browser)/./node_modules/next/dist/client/dev/report-hmr-latency.js:13
[  463829ms] [LOG] [Fast Refresh] rebuilding @ webpack-internal:///(app-pages-browser)/./node_modules/next/dist/client/dev/hot-reloader/app/hot-reloader-app.js:196
[  463840ms] [LOG] [Fast Refresh] done in 11ms @ webpack-internal:///(app-pages-browser)/./node_modules/next/dist/client/dev/report-hmr-latency.js:13
[  464023ms] [LOG] [Fast Refresh] rebuilding @ webpack-internal:///(app-pages-browser)/./node_modules/next/dist/client/dev/hot-reloader/app/hot-reloader-app.js:196
[  464034ms] [LOG] [Fast Refresh] done in 11ms @ webpack-internal:///(app-pages-browser)/./node_modules/next/dist/client/dev/report-hmr-latency.js:13
[  464216ms] [LOG] [Fast Refresh] rebuilding @ webpack-internal:///(app-pages-browser)/./node_modules/next/dist/client/dev/hot-reloader/app/hot-reloader-app.js:196
[  464231ms] [LOG] [Fast Refresh] done in 15ms @ webpack-internal:///(app-pages-browser)/./node_modules/next/dist/client/dev/report-hmr-latency.js:13
[  464417ms] [LOG] [Fast Refresh] rebuilding @ webpack-internal:///(app-pages-browser)/./node_modules/next/dist/client/dev/hot-reloader/app/hot-reloader-app.js:196
[  464429ms] [LOG] [Fast Refresh] done in 13ms @ webpack-internal:///(app-pages-browser)/./node_modules/next/dist/client/dev/report-hmr-latency.js:13
[  464575ms] [LOG] [Fast Refresh] rebuilding @ webpack-internal:///(app-pages-browser)/./node_modules/next/dist/client/dev/hot-reloader/app/hot-reloader-app.js:196
[  464588ms] [LOG] [Fast Refresh] done in 14ms @ webpack-internal:///(app-pages-browser)/./node_modules/next/dist/client/dev/report-hmr-latency.js:13
[  464752ms] [LOG] [Fast Refresh] rebuilding @ webpack-internal:///(app-pages-browser)/./node_modules/next/dist/client/dev/hot-reloader/app/hot-reloader-app.js:196
[  464766ms] [LOG] [Fast Refresh] done in 14ms @ webpack-internal:///(app-pages-browser)/./node_modules/next/dist/client/dev/report-hmr-latency.js:13
[  464919ms] [LOG] [Fast Refresh] rebuilding @ webpack-internal:///(app-pages-browser)/./node_modules/next/dist/client/dev/hot-reloader/app/hot-reloader-app.js:196
[  464928ms] [LOG] [Fast Refresh] done in 8ms @ webpack-internal:///(app-pages-browser)/./node_modules/next/dist/client/dev/report-hmr-latency.js:13
[  465052ms] [LOG] [Fast Refresh] rebuilding @ webpack-internal:///(app-pages-browser)/./node_modules/next/dist/client/dev/hot-reloader/app/hot-reloader-app.js:196
[  465063ms] [LOG] [Fast Refresh] done in 11ms @ webpack-internal:///(app-pages-browser)/./node_modules/next/dist/client/dev/report-hmr-latency.js:13
[  465223ms] [LOG] [Fast Refresh] rebuilding @ webpack-internal:///(app-pages-browser)/./node_modules/next/dist/client/dev/hot-reloader/app/hot-reloader-app.js:196
[  465241ms] [LOG] [Fast Refresh] done in 17ms @ webpack-internal:///(app-pages-browser)/./node_modules/next/dist/client/dev/report-hmr-latency.js:13
[  465375ms] [LOG] [Fast Refresh] rebuilding @ webpack-internal:///(app-pages-browser)/./node_modules/next/dist/client/dev/hot-reloader/app/hot-reloader-app.js:196
[  465403ms] [LOG] [Fast Refresh] done in 29ms @ webpack-internal:///(app-pages-browser)/./node_modules/next/dist/client/dev/report-hmr-latency.js:13
[  465545ms] [LOG] [Fast Refresh] rebuilding @ webpack-internal:///(app-pages-browser)/./node_modules/next/dist/client/dev/hot-reloader/app/hot-reloader-app.js:196
[  465573ms] [LOG] [Fast Refresh] done in 29ms @ webpack-internal:///(app-pages-browser)/./node_modules/next/dist/client/dev/report-hmr-latency.js:13
[  465707ms] [LOG] [Fast Refresh] rebuilding @ webpack-internal:///(app-pages-browser)/./node_modules/next/dist/client/dev/hot-reloader/app/hot-reloader-app.js:196
[  465721ms] [LOG] [Fast Refresh] done in 15ms @ webpack-internal:///(app-pages-browser)/./node_modules/next/dist/client/dev/report-hmr-latency.js:13
[  465855ms] [LOG] [Fast Refresh] rebuilding @ webpack-internal:///(app-pages-browser)/./node_modules/next/dist/client/dev/hot-reloader/app/hot-reloader-app.js:196
[  465863ms] [LOG] [Fast Refresh] done in 8ms @ webpack-internal:///(app-pages-browser)/./node_modules/next/dist/client/dev/report-hmr-latency.js:13
[  466032ms] [LOG] [Fast Refresh] rebuilding @ webpack-internal:///(app-pages-browser)/./node_modules/next/dist/client/dev/hot-reloader/app/hot-reloader-app.js:196
[  466053ms] [LOG] [Fast Refresh] done in 21ms @ webpack-internal:///(app-pages-browser)/./node_modules/next/dist/client/dev/report-hmr-latency.js:13
[  466218ms] [LOG] [Fast Refresh] rebuilding @ webpack-internal:///(app-pages-browser)/./node_modules/next/dist/client/dev/hot-reloader/app/hot-reloader-app.js:196
[  466231ms] [LOG] [Fast Refresh] done in 13ms @ webpack-internal:///(app-pages-browser)/./node_modules/next/dist/client/dev/report-hmr-latency.js:13
[  466351ms] [LOG] [Fast Refresh] rebuilding @ webpack-internal:///(app-pages-browser)/./node_modules/next/dist/client/dev/hot-reloader/app/hot-reloader-app.js:196
[  466365ms] [LOG] [Fast Refresh] done in 14ms @ webpack-internal:///(app-pages-browser)/./node_modules/next/dist/client/dev/report-hmr-latency.js:13
[  466522ms] [LOG] [Fast Refresh] rebuilding @ webpack-internal:///(app-pages-browser)/./node_modules/next/dist/client/dev/hot-reloader/app/hot-reloader-app.js:196
[  466534ms] [LOG] [Fast Refresh] done in 11ms @ webpack-internal:///(app-pages-browser)/./node_modules/next/dist/client/dev/report-hmr-latency.js:13
[  466678ms] [LOG] [Fast Refresh] rebuilding @ webpack-internal:///(app-pages-browser)/./node_modules/next/dist/client/dev/hot-reloader/app/hot-reloader-app.js:196
[  466687ms] [LOG] [Fast Refresh] done in 9ms @ webpack-internal:///(app-pages-browser)/./node_modules/next/dist/client/dev/report-hmr-latency.js:13
[  466819ms] [LOG] [Fast Refresh] rebuilding @ webpack-internal:///(app-pages-browser)/./node_modules/next/dist/client/dev/hot-reloader/app/hot-reloader-app.js:196
[  466831ms] [LOG] [Fast Refresh] done in 12ms @ webpack-internal:///(app-pages-browser)/./node_modules/next/dist/client/dev/report-hmr-latency.js:13
[  466946ms] [LOG] [Fast Refresh] rebuilding @ webpack-internal:///(app-pages-browser)/./node_modules/next/dist/client/dev/hot-reloader/app/hot-reloader-app.js:196
[  466957ms] [LOG] [Fast Refresh] done in 12ms @ webpack-internal:///(app-pages-browser)/./node_modules/next/dist/client/dev/report-hmr-latency.js:13
[  467119ms] [LOG] [Fast Refresh] rebuilding @ webpack-internal:///(app-pages-browser)/./node_modules/next/dist/client/dev/hot-reloader/app/hot-reloader-app.js:196
[  467130ms] [LOG] [Fast Refresh] done in 11ms @ webpack-internal:///(app-pages-browser)/./node_modules/next/dist/client/dev/report-hmr-latency.js:13
[  467260ms] [LOG] [Fast Refresh] rebuilding @ webpack-internal:///(app-pages-browser)/./node_modules/next/dist/client/dev/hot-reloader/app/hot-reloader-app.js:196
[  467273ms] [LOG] [Fast Refresh] done in 13ms @ webpack-internal:///(app-pages-browser)/./node_modules/next/dist/client/dev/report-hmr-latency.js:13
[  467421ms] [LOG] [Fast Refresh] rebuilding @ webpack-internal:///(app-pages-browser)/./node_modules/next/dist/client/dev/hot-reloader/app/hot-reloader-app.js:196
[  467435ms] [LOG] [Fast Refresh] done in 14ms @ webpack-internal:///(app-pages-browser)/./node_modules/next/dist/client/dev/report-hmr-latency.js:13
[  467602ms] [LOG] [Fast Refresh] rebuilding @ webpack-internal:///(app-pages-browser)/./node_modules/next/dist/client/dev/hot-reloader/app/hot-reloader-app.js:196
[  467612ms] [LOG] [Fast Refresh] done in 10ms @ webpack-internal:///(app-pages-browser)/./node_modules/next/dist/client/dev/report-hmr-latency.js:13
[  467759ms] [LOG] [Fast Refresh] rebuilding @ webpack-internal:///(app-pages-browser)/./node_modules/next/dist/client/dev/hot-reloader/app/hot-reloader-app.js:196
[  467773ms] [LOG] [Fast Refresh] done in 14ms @ webpack-internal:///(app-pages-browser)/./node_modules/next/dist/client/dev/report-hmr-latency.js:13
[  467938ms] [LOG] [Fast Refresh] rebuilding @ webpack-internal:///(app-pages-browser)/./node_modules/next/dist/client/dev/hot-reloader/app/hot-reloader-app.js:196
[  467964ms] [LOG] [Fast Refresh] done in 26ms @ webpack-internal:///(app-pages-browser)/./node_modules/next/dist/client/dev/report-hmr-latency.js:13
[  468115ms] [LOG] [Fast Refresh] rebuilding @ webpack-internal:///(app-pages-browser)/./node_modules/next/dist/client/dev/hot-reloader/app/hot-reloader-app.js:196
[  468135ms] [LOG] [Fast Refresh] done in 19ms @ webpack-internal:///(app-pages-browser)/./node_modules/next/dist/client/dev/report-hmr-latency.js:13
[  468286ms] [LOG] [Fast Refresh] rebuilding @ webpack-internal:///(app-pages-browser)/./node_modules/next/dist/client/dev/hot-reloader/app/hot-reloader-app.js:196
[  468301ms] [LOG] [Fast Refresh] done in 15ms @ webpack-internal:///(app-pages-browser)/./node_modules/next/dist/client/dev/report-hmr-latency.js:13
[  468457ms] [LOG] [Fast Refresh] rebuilding @ webpack-internal:///(app-pages-browser)/./node_modules/next/dist/client/dev/hot-reloader/app/hot-reloader-app.js:196
[  468470ms] [LOG] [Fast Refresh] done in 13ms @ webpack-internal:///(app-pages-browser)/./node_modules/next/dist/client/dev/report-hmr-latency.js:13
[  468647ms] [LOG] [Fast Refresh] rebuilding @ webpack-internal:///(app-pages-browser)/./node_modules/next/dist/client/dev/hot-reloader/app/hot-reloader-app.js:196
[  468662ms] [LOG] [Fast Refresh] done in 15ms @ webpack-internal:///(app-pages-browser)/./node_modules/next/dist/client/dev/report-hmr-latency.js:13
[  468825ms] [LOG] [Fast Refresh] rebuilding @ webpack-internal:///(app-pages-browser)/./node_modules/next/dist/client/dev/hot-reloader/app/hot-reloader-app.js:196
[  468843ms] [LOG] [Fast Refresh] done in 18ms @ webpack-internal:///(app-pages-browser)/./node_modules/next/dist/client/dev/report-hmr-latency.js:13
[  469003ms] [LOG] [Fast Refresh] rebuilding @ webpack-internal:///(app-pages-browser)/./node_modules/next/dist/client/dev/hot-reloader/app/hot-reloader-app.js:196
[  469016ms] [LOG] [Fast Refresh] done in 14ms @ webpack-internal:///(app-pages-browser)/./node_modules/next/dist/client/dev/report-hmr-latency.js:13
[  469140ms] [LOG] [Fast Refresh] rebuilding @ webpack-internal:///(app-pages-browser)/./node_modules/next/dist/client/dev/hot-reloader/app/hot-reloader-app.js:196
[  469153ms] [LOG] [Fast Refresh] done in 13ms @ webpack-internal:///(app-pages-browser)/./node_modules/next/dist/client/dev/report-hmr-latency.js:13
[  469313ms] [LOG] [Fast Refresh] rebuilding @ webpack-internal:///(app-pages-browser)/./node_modules/next/dist/client/dev/hot-reloader/app/hot-reloader-app.js:196
[  469325ms] [LOG] [Fast Refresh] done in 12ms @ webpack-internal:///(app-pages-browser)/./node_modules/next/dist/client/dev/report-hmr-latency.js:13
[  469454ms] [LOG] [Fast Refresh] rebuilding @ webpack-internal:///(app-pages-browser)/./node_modules/next/dist/client/dev/hot-reloader/app/hot-reloader-app.js:196
[  469468ms] [LOG] [Fast Refresh] done in 14ms @ webpack-internal:///(app-pages-browser)/./node_modules/next/dist/client/dev/report-hmr-latency.js:13
[  469615ms] [LOG] [Fast Refresh] rebuilding @ webpack-internal:///(app-pages-browser)/./node_modules/next/dist/client/dev/hot-reloader/app/hot-reloader-app.js:196
[  469623ms] [LOG] [Fast Refresh] done in 9ms @ webpack-internal:///(app-pages-browser)/./node_modules/next/dist/client/dev/report-hmr-latency.js:13
[  469760ms] [LOG] [Fast Refresh] rebuilding @ webpack-internal:///(app-pages-browser)/./node_modules/next/dist/client/dev/hot-reloader/app/hot-reloader-app.js:196
[  469786ms] [LOG] [Fast Refresh] done in 26ms @ webpack-internal:///(app-pages-browser)/./node_modules/next/dist/client/dev/report-hmr-latency.js:13
[  469888ms] [LOG] [Fast Refresh] rebuilding @ webpack-internal:///(app-pages-browser)/./node_modules/next/dist/client/dev/hot-reloader/app/hot-reloader-app.js:196
[  469896ms] [LOG] [Fast Refresh] done in 7ms @ webpack-internal:///(app-pages-browser)/./node_modules/next/dist/client/dev/report-hmr-latency.js:13
[  470075ms] [LOG] [Fast Refresh] rebuilding @ webpack-internal:///(app-pages-browser)/./node_modules/next/dist/client/dev/hot-reloader/app/hot-reloader-app.js:196
[  470102ms] [LOG] [Fast Refresh] done in 27ms @ webpack-internal:///(app-pages-browser)/./node_modules/next/dist/client/dev/report-hmr-latency.js:13
[  470249ms] [LOG] [Fast Refresh] rebuilding @ webpack-internal:///(app-pages-browser)/./node_modules/next/dist/client/dev/hot-reloader/app/hot-reloader-app.js:196
[  470261ms] [LOG] [Fast Refresh] done in 11ms @ webpack-internal:///(app-pages-browser)/./node_modules/next/dist/client/dev/report-hmr-latency.js:13
[  470382ms] [LOG] [Fast Refresh] rebuilding @ webpack-internal:///(app-pages-browser)/./node_modules/next/dist/client/dev/hot-reloader/app/hot-reloader-app.js:196
[  470389ms] [LOG] [Fast Refresh] done in 6ms @ webpack-internal:///(app-pages-browser)/./node_modules/next/dist/client/dev/report-hmr-latency.js:13
[  470552ms] [LOG] [Fast Refresh] rebuilding @ webpack-internal:///(app-pages-browser)/./node_modules/next/dist/client/dev/hot-reloader/app/hot-reloader-app.js:196
[  470569ms] [LOG] [Fast Refresh] done in 18ms @ webpack-internal:///(app-pages-browser)/./node_modules/next/dist/client/dev/report-hmr-latency.js:13
[  470720ms] [LOG] [Fast Refresh] rebuilding @ webpack-internal:///(app-pages-browser)/./node_modules/next/dist/client/dev/hot-reloader/app/hot-reloader-app.js:196
[  470738ms] [LOG] [Fast Refresh] done in 18ms @ webpack-internal:///(app-pages-browser)/./node_modules/next/dist/client/dev/report-hmr-latency.js:13
[  470880ms] [LOG] [Fast Refresh] rebuilding @ webpack-internal:///(app-pages-browser)/./node_modules/next/dist/client/dev/hot-reloader/app/hot-reloader-app.js:196
[  470912ms] [LOG] [Fast Refresh] done in 32ms @ webpack-internal:///(app-pages-browser)/./node_modules/next/dist/client/dev/report-hmr-latency.js:13
[  471051ms] [LOG] [Fast Refresh] rebuilding @ webpack-internal:///(app-pages-browser)/./node_modules/next/dist/client/dev/hot-reloader/app/hot-reloader-app.js:196
[  471062ms] [LOG] [Fast Refresh] done in 12ms @ webpack-internal:///(app-pages-browser)/./node_modules/next/dist/client/dev/report-hmr-latency.js:13
[  471172ms] [LOG] [Fast Refresh] rebuilding @ webpack-internal:///(app-pages-browser)/./node_modules/next/dist/client/dev/hot-reloader/app/hot-reloader-app.js:196
[  471179ms] [LOG] [Fast Refresh] done in 8ms @ webpack-internal:///(app-pages-browser)/./node_modules/next/dist/client/dev/report-hmr-latency.js:13
[  471301ms] [LOG] [Fast Refresh] rebuilding @ webpack-internal:///(app-pages-browser)/./node_modules/next/dist/client/dev/hot-reloader/app/hot-reloader-app.js:196
[  471312ms] [LOG] [Fast Refresh] done in 11ms @ webpack-internal:///(app-pages-browser)/./node_modules/next/dist/client/dev/report-hmr-latency.js:13
[  471430ms] [LOG] [Fast Refresh] rebuilding @ webpack-internal:///(app-pages-browser)/./node_modules/next/dist/client/dev/hot-reloader/app/hot-reloader-app.js:196
[  471443ms] [LOG] [Fast Refresh] done in 13ms @ webpack-internal:///(app-pages-browser)/./node_modules/next/dist/client/dev/report-hmr-latency.js:13
[  471579ms] [LOG] [Fast Refresh] rebuilding @ webpack-internal:///(app-pages-browser)/./node_modules/next/dist/client/dev/hot-reloader/app/hot-reloader-app.js:196
[  471591ms] [LOG] [Fast Refresh] done in 13ms @ webpack-internal:///(app-pages-browser)/./node_modules/next/dist/client/dev/report-hmr-latency.js:13
[  471746ms] [LOG] [Fast Refresh] rebuilding @ webpack-internal:///(app-pages-browser)/./node_modules/next/dist/client/dev/hot-reloader/app/hot-reloader-app.js:196
[  471758ms] [LOG] [Fast Refresh] done in 12ms @ webpack-internal:///(app-pages-browser)/./node_modules/next/dist/client/dev/report-hmr-latency.js:13
[  471926ms] [LOG] [Fast Refresh] rebuilding @ webpack-internal:///(app-pages-browser)/./node_modules/next/dist/client/dev/hot-reloader/app/hot-reloader-app.js:196
[  471939ms] [LOG] [Fast Refresh] done in 13ms @ webpack-internal:///(app-pages-browser)/./node_modules/next/dist/client/dev/report-hmr-latency.js:13
[  472121ms] [LOG] [Fast Refresh] rebuilding @ webpack-internal:///(app-pages-browser)/./node_modules/next/dist/client/dev/hot-reloader/app/hot-reloader-app.js:196
[  472131ms] [LOG] [Fast Refresh] done in 10ms @ webpack-internal:///(app-pages-browser)/./node_modules/next/dist/client/dev/report-hmr-latency.js:13
[  472280ms] [LOG] [Fast Refresh] rebuilding @ webpack-internal:///(app-pages-browser)/./node_modules/next/dist/client/dev/hot-reloader/app/hot-reloader-app.js:196
[  472291ms] [LOG] [Fast Refresh] done in 10ms @ webpack-internal:///(app-pages-browser)/./node_modules/next/dist/client/dev/report-hmr-latency.js:13
[  472450ms] [LOG] [Fast Refresh] rebuilding @ webpack-internal:///(app-pages-browser)/./node_modules/next/dist/client/dev/hot-reloader/app/hot-reloader-app.js:196
[  472459ms] [LOG] [Fast Refresh] done in 8ms @ webpack-internal:///(app-pages-browser)/./node_modules/next/dist/client/dev/report-hmr-latency.js:13
[  472622ms] [LOG] [Fast Refresh] rebuilding @ webpack-internal:///(app-pages-browser)/./node_modules/next/dist/client/dev/hot-reloader/app/hot-reloader-app.js:196
[  472634ms] [LOG] [Fast Refresh] done in 11ms @ webpack-internal:///(app-pages-browser)/./node_modules/next/dist/client/dev/report-hmr-latency.js:13
[  472790ms] [LOG] [Fast Refresh] rebuilding @ webpack-internal:///(app-pages-browser)/./node_modules/next/dist/client/dev/hot-reloader/app/hot-reloader-app.js:196
[  472801ms] [LOG] [Fast Refresh] done in 11ms @ webpack-internal:///(app-pages-browser)/./node_modules/next/dist/client/dev/report-hmr-latency.js:13
[  472961ms] [LOG] [Fast Refresh] rebuilding @ webpack-internal:///(app-pages-browser)/./node_modules/next/dist/client/dev/hot-reloader/app/hot-reloader-app.js:196
[  472971ms] [LOG] [Fast Refresh] done in 9ms @ webpack-internal:///(app-pages-browser)/./node_modules/next/dist/client/dev/report-hmr-latency.js:13
[  473140ms] [LOG] [Fast Refresh] rebuilding @ webpack-internal:///(app-pages-browser)/./node_modules/next/dist/client/dev/hot-reloader/app/hot-reloader-app.js:196
[  473151ms] [LOG] [Fast Refresh] done in 11ms @ webpack-internal:///(app-pages-browser)/./node_modules/next/dist/client/dev/report-hmr-latency.js:13
[  473303ms] [LOG] [Fast Refresh] rebuilding @ webpack-internal:///(app-pages-browser)/./node_modules/next/dist/client/dev/hot-reloader/app/hot-reloader-app.js:196
[  473316ms] [LOG] [Fast Refresh] done in 14ms @ webpack-internal:///(app-pages-browser)/./node_modules/next/dist/client/dev/report-hmr-latency.js:13
[  473464ms] [LOG] [Fast Refresh] rebuilding @ webpack-internal:///(app-pages-browser)/./node_modules/next/dist/client/dev/hot-reloader/app/hot-reloader-app.js:196
[  473476ms] [LOG] [Fast Refresh] done in 12ms @ webpack-internal:///(app-pages-browser)/./node_modules/next/dist/client/dev/report-hmr-latency.js:13
[  473639ms] [LOG] [Fast Refresh] rebuilding @ webpack-internal:///(app-pages-browser)/./node_modules/next/dist/client/dev/hot-reloader/app/hot-reloader-app.js:196
[  473653ms] [LOG] [Fast Refresh] done in 14ms @ webpack-internal:///(app-pages-browser)/./node_modules/next/dist/client/dev/report-hmr-latency.js:13
[  473806ms] [LOG] [Fast Refresh] rebuilding @ webpack-internal:///(app-pages-browser)/./node_modules/next/dist/client/dev/hot-reloader/app/hot-reloader-app.js:196
[  473821ms] [LOG] [Fast Refresh] done in 14ms @ webpack-internal:///(app-pages-browser)/./node_modules/next/dist/client/dev/report-hmr-latency.js:13
[  473966ms] [LOG] [Fast Refresh] rebuilding @ webpack-internal:///(app-pages-browser)/./node_modules/next/dist/client/dev/hot-reloader/app/hot-reloader-app.js:196
[  473979ms] [LOG] [Fast Refresh] done in 12ms @ webpack-internal:///(app-pages-browser)/./node_modules/next/dist/client/dev/report-hmr-latency.js:13
[  474136ms] [LOG] [Fast Refresh] rebuilding @ webpack-internal:///(app-pages-browser)/./node_modules/next/dist/client/dev/hot-reloader/app/hot-reloader-app.js:196
[  474147ms] [LOG] [Fast Refresh] done in 12ms @ webpack-internal:///(app-pages-browser)/./node_modules/next/dist/client/dev/report-hmr-latency.js:13
[  474327ms] [LOG] [Fast Refresh] rebuilding @ webpack-internal:///(app-pages-browser)/./node_modules/next/dist/client/dev/hot-reloader/app/hot-reloader-app.js:196
[  474345ms] [LOG] [Fast Refresh] done in 18ms @ webpack-internal:///(app-pages-browser)/./node_modules/next/dist/client/dev/report-hmr-latency.js:13
[  474506ms] [LOG] [Fast Refresh] rebuilding @ webpack-internal:///(app-pages-browser)/./node_modules/next/dist/client/dev/hot-reloader/app/hot-reloader-app.js:196
[  474518ms] [LOG] [Fast Refresh] done in 12ms @ webpack-internal:///(app-pages-browser)/./node_modules/next/dist/client/dev/report-hmr-latency.js:13
[  474680ms] [LOG] [Fast Refresh] rebuilding @ webpack-internal:///(app-pages-browser)/./node_modules/next/dist/client/dev/hot-reloader/app/hot-reloader-app.js:196
[  474695ms] [LOG] [Fast Refresh] done in 15ms @ webpack-internal:///(app-pages-browser)/./node_modules/next/dist/client/dev/report-hmr-latency.js:13
[  474876ms] [LOG] [Fast Refresh] rebuilding @ webpack-internal:///(app-pages-browser)/./node_modules/next/dist/client/dev/hot-reloader/app/hot-reloader-app.js:196
[  474903ms] [LOG] [Fast Refresh] done in 27ms @ webpack-internal:///(app-pages-browser)/./node_modules/next/dist/client/dev/report-hmr-latency.js:13
[  475072ms] [LOG] [Fast Refresh] rebuilding @ webpack-internal:///(app-pages-browser)/./node_modules/next/dist/client/dev/hot-reloader/app/hot-reloader-app.js:196
[  475089ms] [LOG] [Fast Refresh] done in 18ms @ webpack-internal:///(app-pages-browser)/./node_modules/next/dist/client/dev/report-hmr-latency.js:13
[  475238ms] [LOG] [Fast Refresh] rebuilding @ webpack-internal:///(app-pages-browser)/./node_modules/next/dist/client/dev/hot-reloader/app/hot-reloader-app.js:196
[  475251ms] [LOG] [Fast Refresh] done in 13ms @ webpack-internal:///(app-pages-browser)/./node_modules/next/dist/client/dev/report-hmr-latency.js:13
[  475401ms] [LOG] [Fast Refresh] rebuilding @ webpack-internal:///(app-pages-browser)/./node_modules/next/dist/client/dev/hot-reloader/app/hot-reloader-app.js:196
[  475415ms] [LOG] [Fast Refresh] done in 13ms @ webpack-internal:///(app-pages-browser)/./node_modules/next/dist/client/dev/report-hmr-latency.js:13
[  475530ms] [LOG] [Fast Refresh] rebuilding @ webpack-internal:///(app-pages-browser)/./node_modules/next/dist/client/dev/hot-reloader/app/hot-reloader-app.js:196
[  475540ms] [LOG] [Fast Refresh] done in 11ms @ webpack-internal:///(app-pages-browser)/./node_modules/next/dist/client/dev/report-hmr-latency.js:13
[  475656ms] [LOG] [Fast Refresh] rebuilding @ webpack-internal:///(app-pages-browser)/./node_modules/next/dist/client/dev/hot-reloader/app/hot-reloader-app.js:196
[  475666ms] [LOG] [Fast Refresh] done in 11ms @ webpack-internal:///(app-pages-browser)/./node_modules/next/dist/client/dev/report-hmr-latency.js:13
[  475779ms] [LOG] [Fast Refresh] rebuilding @ webpack-internal:///(app-pages-browser)/./node_modules/next/dist/client/dev/hot-reloader/app/hot-reloader-app.js:196
[  475787ms] [LOG] [Fast Refresh] done in 8ms @ webpack-internal:///(app-pages-browser)/./node_modules/next/dist/client/dev/report-hmr-latency.js:13
[  475916ms] [LOG] [Fast Refresh] rebuilding @ webpack-internal:///(app-pages-browser)/./node_modules/next/dist/client/dev/hot-reloader/app/hot-reloader-app.js:196
[  475923ms] [LOG] [Fast Refresh] done in 8ms @ webpack-internal:///(app-pages-browser)/./node_modules/next/dist/client/dev/report-hmr-latency.js:13
[  476049ms] [LOG] [Fast Refresh] rebuilding @ webpack-internal:///(app-pages-browser)/./node_modules/next/dist/client/dev/hot-reloader/app/hot-reloader-app.js:196
[  476063ms] [LOG] [Fast Refresh] done in 15ms @ webpack-internal:///(app-pages-browser)/./node_modules/next/dist/client/dev/report-hmr-latency.js:13
[  476215ms] [LOG] [Fast Refresh] rebuilding @ webpack-internal:///(app-pages-browser)/./node_modules/next/dist/client/dev/hot-reloader/app/hot-reloader-app.js:196
[  476336ms] [LOG] [Fast Refresh] done in 121ms @ webpack-internal:///(app-pages-browser)/./node_modules/next/dist/client/dev/report-hmr-latency.js:13
[  476397ms] [LOG] [Fast Refresh] rebuilding @ webpack-internal:///(app-pages-browser)/./node_modules/next/dist/client/dev/hot-reloader/app/hot-reloader-app.js:196
[  476409ms] [LOG] [Fast Refresh] done in 12ms @ webpack-internal:///(app-pages-browser)/./node_modules/next/dist/client/dev/report-hmr-latency.js:13
[  476528ms] [LOG] [Fast Refresh] rebuilding @ webpack-internal:///(app-pages-browser)/./node_modules/next/dist/client/dev/hot-reloader/app/hot-reloader-app.js:196
[  476540ms] [LOG] [Fast Refresh] done in 12ms @ webpack-internal:///(app-pages-browser)/./node_modules/next/dist/client/dev/report-hmr-latency.js:13
[  476652ms] [LOG] [Fast Refresh] rebuilding @ webpack-internal:///(app-pages-browser)/./node_modules/next/dist/client/dev/hot-reloader/app/hot-reloader-app.js:196
[  476669ms] [LOG] [Fast Refresh] done in 17ms @ webpack-internal:///(app-pages-browser)/./node_modules/next/dist/client/dev/report-hmr-latency.js:13
[  476815ms] [LOG] [Fast Refresh] rebuilding @ webpack-internal:///(app-pages-browser)/./node_modules/next/dist/client/dev/hot-reloader/app/hot-reloader-app.js:196
[  476839ms] [LOG] [Fast Refresh] done in 24ms @ webpack-internal:///(app-pages-browser)/./node_modules/next/dist/client/dev/report-hmr-latency.js:13
[  476984ms] [LOG] [Fast Refresh] rebuilding @ webpack-internal:///(app-pages-browser)/./node_modules/next/dist/client/dev/hot-reloader/app/hot-reloader-app.js:196
[  476995ms] [LOG] [Fast Refresh] done in 11ms @ webpack-internal:///(app-pages-browser)/./node_modules/next/dist/client/dev/report-hmr-latency.js:13
[  477163ms] [LOG] [Fast Refresh] rebuilding @ webpack-internal:///(app-pages-browser)/./node_modules/next/dist/client/dev/hot-reloader/app/hot-reloader-app.js:196
[  477179ms] [LOG] [Fast Refresh] done in 17ms @ webpack-internal:///(app-pages-browser)/./node_modules/next/dist/client/dev/report-hmr-latency.js:13
[  477306ms] [LOG] [Fast Refresh] rebuilding @ webpack-internal:///(app-pages-browser)/./node_modules/next/dist/client/dev/hot-reloader/app/hot-reloader-app.js:196
[  477317ms] [LOG] [Fast Refresh] done in 12ms @ webpack-internal:///(app-pages-browser)/./node_modules/next/dist/client/dev/report-hmr-latency.js:13
[  477475ms] [LOG] [Fast Refresh] rebuilding @ webpack-internal:///(app-pages-browser)/./node_modules/next/dist/client/dev/hot-reloader/app/hot-reloader-app.js:196
[  477486ms] [LOG] [Fast Refresh] done in 11ms @ webpack-internal:///(app-pages-browser)/./node_modules/next/dist/client/dev/report-hmr-latency.js:13
[  477662ms] [LOG] [Fast Refresh] rebuilding @ webpack-internal:///(app-pages-browser)/./node_modules/next/dist/client/dev/hot-reloader/app/hot-reloader-app.js:196
[  477674ms] [LOG] [Fast Refresh] done in 12ms @ webpack-internal:///(app-pages-browser)/./node_modules/next/dist/client/dev/report-hmr-latency.js:13
[  477848ms] [LOG] [Fast Refresh] rebuilding @ webpack-internal:///(app-pages-browser)/./node_modules/next/dist/client/dev/hot-reloader/app/hot-reloader-app.js:196
[  477862ms] [LOG] [Fast Refresh] done in 14ms @ webpack-internal:///(app-pages-browser)/./node_modules/next/dist/client/dev/report-hmr-latency.js:13
[  478029ms] [LOG] [Fast Refresh] rebuilding @ webpack-internal:///(app-pages-browser)/./node_modules/next/dist/client/dev/hot-reloader/app/hot-reloader-app.js:196
[  478058ms] [LOG] [Fast Refresh] done in 30ms @ webpack-internal:///(app-pages-browser)/./node_modules/next/dist/client/dev/report-hmr-latency.js:13
[  478199ms] [LOG] [Fast Refresh] rebuilding @ webpack-internal:///(app-pages-browser)/./node_modules/next/dist/client/dev/hot-reloader/app/hot-reloader-app.js:196
[  478218ms] [LOG] [Fast Refresh] done in 20ms @ webpack-internal:///(app-pages-browser)/./node_modules/next/dist/client/dev/report-hmr-latency.js:13
[  478385ms] [LOG] [Fast Refresh] rebuilding @ webpack-internal:///(app-pages-browser)/./node_modules/next/dist/client/dev/hot-reloader/app/hot-reloader-app.js:196
[  478407ms] [LOG] [Fast Refresh] done in 22ms @ webpack-internal:///(app-pages-browser)/./node_modules/next/dist/client/dev/report-hmr-latency.js:13
[  478518ms] [LOG] [Fast Refresh] rebuilding @ webpack-internal:///(app-pages-browser)/./node_modules/next/dist/client/dev/hot-reloader/app/hot-reloader-app.js:196
[  478530ms] [LOG] [Fast Refresh] done in 11ms @ webpack-internal:///(app-pages-browser)/./node_modules/next/dist/client/dev/report-hmr-latency.js:13
[  478689ms] [LOG] [Fast Refresh] rebuilding @ webpack-internal:///(app-pages-browser)/./node_modules/next/dist/client/dev/hot-reloader/app/hot-reloader-app.js:196
[  478709ms] [LOG] [Fast Refresh] done in 20ms @ webpack-internal:///(app-pages-browser)/./node_modules/next/dist/client/dev/report-hmr-latency.js:13
[  478875ms] [LOG] [Fast Refresh] rebuilding @ webpack-internal:///(app-pages-browser)/./node_modules/next/dist/client/dev/hot-reloader/app/hot-reloader-app.js:196
[  478893ms] [LOG] [Fast Refresh] done in 19ms @ webpack-internal:///(app-pages-browser)/./node_modules/next/dist/client/dev/report-hmr-latency.js:13
[  479013ms] [LOG] [Fast Refresh] rebuilding @ webpack-internal:///(app-pages-browser)/./node_modules/next/dist/client/dev/hot-reloader/app/hot-reloader-app.js:196
[  479025ms] [LOG] [Fast Refresh] done in 13ms @ webpack-internal:///(app-pages-browser)/./node_modules/next/dist/client/dev/report-hmr-latency.js:13
[  479139ms] [LOG] [Fast Refresh] rebuilding @ webpack-internal:///(app-pages-browser)/./node_modules/next/dist/client/dev/hot-reloader/app/hot-reloader-app.js:196
[  479151ms] [LOG] [Fast Refresh] done in 12ms @ webpack-internal:///(app-pages-browser)/./node_modules/next/dist/client/dev/report-hmr-latency.js:13
[  479271ms] [LOG] [Fast Refresh] rebuilding @ webpack-internal:///(app-pages-browser)/./node_modules/next/dist/client/dev/hot-reloader/app/hot-reloader-app.js:196
[  479284ms] [LOG] [Fast Refresh] done in 12ms @ webpack-internal:///(app-pages-browser)/./node_modules/next/dist/client/dev/report-hmr-latency.js:13
[  479440ms] [LOG] [Fast Refresh] rebuilding @ webpack-internal:///(app-pages-browser)/./node_modules/next/dist/client/dev/hot-reloader/app/hot-reloader-app.js:196
[  479455ms] [LOG] [Fast Refresh] done in 15ms @ webpack-internal:///(app-pages-browser)/./node_modules/next/dist/client/dev/report-hmr-latency.js:13
[  479635ms] [LOG] [Fast Refresh] rebuilding @ webpack-internal:///(app-pages-browser)/./node_modules/next/dist/client/dev/hot-reloader/app/hot-reloader-app.js:196
[  479660ms] [LOG] [Fast Refresh] done in 26ms @ webpack-internal:///(app-pages-browser)/./node_modules/next/dist/client/dev/report-hmr-latency.js:13
[  479806ms] [LOG] [Fast Refresh] rebuilding @ webpack-internal:///(app-pages-browser)/./node_modules/next/dist/client/dev/hot-reloader/app/hot-reloader-app.js:196
[  479819ms] [LOG] [Fast Refresh] done in 12ms @ webpack-internal:///(app-pages-browser)/./node_modules/next/dist/client/dev/report-hmr-latency.js:13
[  479971ms] [LOG] [Fast Refresh] rebuilding @ webpack-internal:///(app-pages-browser)/./node_modules/next/dist/client/dev/hot-reloader/app/hot-reloader-app.js:196
[  479983ms] [LOG] [Fast Refresh] done in 12ms @ webpack-internal:///(app-pages-browser)/./node_modules/next/dist/client/dev/report-hmr-latency.js:13
[  480143ms] [LOG] [Fast Refresh] rebuilding @ webpack-internal:///(app-pages-browser)/./node_modules/next/dist/client/dev/hot-reloader/app/hot-reloader-app.js:196
[  480161ms] [LOG] [Fast Refresh] done in 18ms @ webpack-internal:///(app-pages-browser)/./node_modules/next/dist/client/dev/report-hmr-latency.js:13
[  480335ms] [LOG] [Fast Refresh] rebuilding @ webpack-internal:///(app-pages-browser)/./node_modules/next/dist/client/dev/hot-reloader/app/hot-reloader-app.js:196
[  480351ms] [LOG] [Fast Refresh] done in 17ms @ webpack-internal:///(app-pages-browser)/./node_modules/next/dist/client/dev/report-hmr-latency.js:13
[  480502ms] [LOG] [Fast Refresh] rebuilding @ webpack-internal:///(app-pages-browser)/./node_modules/next/dist/client/dev/hot-reloader/app/hot-reloader-app.js:196
[  480526ms] [LOG] [Fast Refresh] done in 25ms @ webpack-internal:///(app-pages-browser)/./node_modules/next/dist/client/dev/report-hmr-latency.js:13
[  480791ms] [LOG] [Fast Refresh] rebuilding @ webpack-internal:///(app-pages-browser)/./node_modules/next/dist/client/dev/hot-reloader/app/hot-reloader-app.js:196
[  480802ms] [LOG] [Fast Refresh] done in 12ms @ webpack-internal:///(app-pages-browser)/./node_modules/next/dist/client/dev/report-hmr-latency.js:13
[  480944ms] [LOG] [Fast Refresh] rebuilding @ webpack-internal:///(app-pages-browser)/./node_modules/next/dist/client/dev/hot-reloader/app/hot-reloader-app.js:196
[  480955ms] [LOG] [Fast Refresh] done in 12ms @ webpack-internal:///(app-pages-browser)/./node_modules/next/dist/client/dev/report-hmr-latency.js:13
[  481071ms] [LOG] [Fast Refresh] rebuilding @ webpack-internal:///(app-pages-browser)/./node_modules/next/dist/client/dev/hot-reloader/app/hot-reloader-app.js:196
[  481083ms] [LOG] [Fast Refresh] done in 12ms @ webpack-internal:///(app-pages-browser)/./node_modules/next/dist/client/dev/report-hmr-latency.js:13
[  481249ms] [LOG] [Fast Refresh] rebuilding @ webpack-internal:///(app-pages-browser)/./node_modules/next/dist/client/dev/hot-reloader/app/hot-reloader-app.js:196
[  481261ms] [LOG] [Fast Refresh] done in 12ms @ webpack-internal:///(app-pages-browser)/./node_modules/next/dist/client/dev/report-hmr-latency.js:13
[  481438ms] [LOG] [Fast Refresh] rebuilding @ webpack-internal:///(app-pages-browser)/./node_modules/next/dist/client/dev/hot-reloader/app/hot-reloader-app.js:196
[  481456ms] [LOG] [Fast Refresh] done in 17ms @ webpack-internal:///(app-pages-browser)/./node_modules/next/dist/client/dev/report-hmr-latency.js:13
[  481601ms] [LOG] [Fast Refresh] rebuilding @ webpack-internal:///(app-pages-browser)/./node_modules/next/dist/client/dev/hot-reloader/app/hot-reloader-app.js:196
[  481612ms] [LOG] [Fast Refresh] done in 11ms @ webpack-internal:///(app-pages-browser)/./node_modules/next/dist/client/dev/report-hmr-latency.js:13
[  481761ms] [LOG] [Fast Refresh] rebuilding @ webpack-internal:///(app-pages-browser)/./node_modules/next/dist/client/dev/hot-reloader/app/hot-reloader-app.js:196
[  481777ms] [LOG] [Fast Refresh] done in 16ms @ webpack-internal:///(app-pages-browser)/./node_modules/next/dist/client/dev/report-hmr-latency.js:13
[  481931ms] [LOG] [Fast Refresh] rebuilding @ webpack-internal:///(app-pages-browser)/./node_modules/next/dist/client/dev/hot-reloader/app/hot-reloader-app.js:196
[  481942ms] [LOG] [Fast Refresh] done in 12ms @ webpack-internal:///(app-pages-browser)/./node_modules/next/dist/client/dev/report-hmr-latency.js:13
[  482079ms] [LOG] [Fast Refresh] rebuilding @ webpack-internal:///(app-pages-browser)/./node_modules/next/dist/client/dev/hot-reloader/app/hot-reloader-app.js:196
[  482092ms] [LOG] [Fast Refresh] done in 14ms @ webpack-internal:///(app-pages-browser)/./node_modules/next/dist/client/dev/report-hmr-latency.js:13
[  482249ms] [LOG] [Fast Refresh] rebuilding @ webpack-internal:///(app-pages-browser)/./node_modules/next/dist/client/dev/hot-reloader/app/hot-reloader-app.js:196
[  482260ms] [LOG] [Fast Refresh] done in 12ms @ webpack-internal:///(app-pages-browser)/./node_modules/next/dist/client/dev/report-hmr-latency.js:13
[  482389ms] [LOG] [Fast Refresh] rebuilding @ webpack-internal:///(app-pages-browser)/./node_modules/next/dist/client/dev/hot-reloader/app/hot-reloader-app.js:196
[  482399ms] [LOG] [Fast Refresh] done in 11ms @ webpack-internal:///(app-pages-browser)/./node_modules/next/dist/client/dev/report-hmr-latency.js:13
[  482573ms] [LOG] [Fast Refresh] rebuilding @ webpack-internal:///(app-pages-browser)/./node_modules/next/dist/client/dev/hot-reloader/app/hot-reloader-app.js:196
[  482586ms] [LOG] [Fast Refresh] done in 13ms @ webpack-internal:///(app-pages-browser)/./node_modules/next/dist/client/dev/report-hmr-latency.js:13
[  482740ms] [LOG] [Fast Refresh] rebuilding @ webpack-internal:///(app-pages-browser)/./node_modules/next/dist/client/dev/hot-reloader/app/hot-reloader-app.js:196
[  482753ms] [LOG] [Fast Refresh] done in 12ms @ webpack-internal:///(app-pages-browser)/./node_modules/next/dist/client/dev/report-hmr-latency.js:13
[  482904ms] [LOG] [Fast Refresh] rebuilding @ webpack-internal:///(app-pages-browser)/./node_modules/next/dist/client/dev/hot-reloader/app/hot-reloader-app.js:196
[  482917ms] [LOG] [Fast Refresh] done in 13ms @ webpack-internal:///(app-pages-browser)/./node_modules/next/dist/client/dev/report-hmr-latency.js:13
[  483035ms] [LOG] [Fast Refresh] rebuilding @ webpack-internal:///(app-pages-browser)/./node_modules/next/dist/client/dev/hot-reloader/app/hot-reloader-app.js:196
[  483044ms] [LOG] [Fast Refresh] done in 8ms @ webpack-internal:///(app-pages-browser)/./node_modules/next/dist/client/dev/report-hmr-latency.js:13
[  483159ms] [LOG] [Fast Refresh] rebuilding @ webpack-internal:///(app-pages-browser)/./node_modules/next/dist/client/dev/hot-reloader/app/hot-reloader-app.js:196
[  483170ms] [LOG] [Fast Refresh] done in 11ms @ webpack-internal:///(app-pages-browser)/./node_modules/next/dist/client/dev/report-hmr-latency.js:13
[  483293ms] [LOG] [Fast Refresh] rebuilding @ webpack-internal:///(app-pages-browser)/./node_modules/next/dist/client/dev/hot-reloader/app/hot-reloader-app.js:196
[  483305ms] [LOG] [Fast Refresh] done in 12ms @ webpack-internal:///(app-pages-browser)/./node_modules/next/dist/client/dev/report-hmr-latency.js:13
[  483452ms] [LOG] [Fast Refresh] rebuilding @ webpack-internal:///(app-pages-browser)/./node_modules/next/dist/client/dev/hot-reloader/app/hot-reloader-app.js:196
[  483466ms] [LOG] [Fast Refresh] done in 13ms @ webpack-internal:///(app-pages-browser)/./node_modules/next/dist/client/dev/report-hmr-latency.js:13
[  483601ms] [LOG] [Fast Refresh] rebuilding @ webpack-internal:///(app-pages-browser)/./node_modules/next/dist/client/dev/hot-reloader/app/hot-reloader-app.js:196
[  483614ms] [LOG] [Fast Refresh] done in 14ms @ webpack-internal:///(app-pages-browser)/./node_modules/next/dist/client/dev/report-hmr-latency.js:13
[  483775ms] [LOG] [Fast Refresh] rebuilding @ webpack-internal:///(app-pages-browser)/./node_modules/next/dist/client/dev/hot-reloader/app/hot-reloader-app.js:196
[  483787ms] [LOG] [Fast Refresh] done in 11ms @ webpack-internal:///(app-pages-browser)/./node_modules/next/dist/client/dev/report-hmr-latency.js:13
[  483938ms] [LOG] [Fast Refresh] rebuilding @ webpack-internal:///(app-pages-browser)/./node_modules/next/dist/client/dev/hot-reloader/app/hot-reloader-app.js:196
[  483952ms] [LOG] [Fast Refresh] done in 14ms @ webpack-internal:///(app-pages-browser)/./node_modules/next/dist/client/dev/report-hmr-latency.js:13
[  484111ms] [LOG] [Fast Refresh] rebuilding @ webpack-internal:///(app-pages-browser)/./node_modules/next/dist/client/dev/hot-reloader/app/hot-reloader-app.js:196
[  484125ms] [LOG] [Fast Refresh] done in 14ms @ webpack-internal:///(app-pages-browser)/./node_modules/next/dist/client/dev/report-hmr-latency.js:13
[  484283ms] [LOG] [Fast Refresh] rebuilding @ webpack-internal:///(app-pages-browser)/./node_modules/next/dist/client/dev/hot-reloader/app/hot-reloader-app.js:196
[  484304ms] [LOG] [Fast Refresh] done in 21ms @ webpack-internal:///(app-pages-browser)/./node_modules/next/dist/client/dev/report-hmr-latency.js:13
[  484486ms] [LOG] [Fast Refresh] rebuilding @ webpack-internal:///(app-pages-browser)/./node_modules/next/dist/client/dev/hot-reloader/app/hot-reloader-app.js:196
[  484499ms] [LOG] [Fast Refresh] done in 13ms @ webpack-internal:///(app-pages-browser)/./node_modules/next/dist/client/dev/report-hmr-latency.js:13
[  484653ms] [LOG] [Fast Refresh] rebuilding @ webpack-internal:///(app-pages-browser)/./node_modules/next/dist/client/dev/hot-reloader/app/hot-reloader-app.js:196
[  484665ms] [LOG] [Fast Refresh] done in 13ms @ webpack-internal:///(app-pages-browser)/./node_modules/next/dist/client/dev/report-hmr-latency.js:13
[  484821ms] [LOG] [Fast Refresh] rebuilding @ webpack-internal:///(app-pages-browser)/./node_modules/next/dist/client/dev/hot-reloader/app/hot-reloader-app.js:196
[  484830ms] [LOG] [Fast Refresh] done in 8ms @ webpack-internal:///(app-pages-browser)/./node_modules/next/dist/client/dev/report-hmr-latency.js:13
[  484994ms] [LOG] [Fast Refresh] rebuilding @ webpack-internal:///(app-pages-browser)/./node_modules/next/dist/client/dev/hot-reloader/app/hot-reloader-app.js:196
[  485009ms] [LOG] [Fast Refresh] done in 16ms @ webpack-internal:///(app-pages-browser)/./node_modules/next/dist/client/dev/report-hmr-latency.js:13
[  485174ms] [LOG] [Fast Refresh] rebuilding @ webpack-internal:///(app-pages-browser)/./node_modules/next/dist/client/dev/hot-reloader/app/hot-reloader-app.js:196
[  485186ms] [LOG] [Fast Refresh] done in 11ms @ webpack-internal:///(app-pages-browser)/./node_modules/next/dist/client/dev/report-hmr-latency.js:13
[  485353ms] [LOG] [Fast Refresh] rebuilding @ webpack-internal:///(app-pages-browser)/./node_modules/next/dist/client/dev/hot-reloader/app/hot-reloader-app.js:196
[  485361ms] [LOG] [Fast Refresh] done in 9ms @ webpack-internal:///(app-pages-browser)/./node_modules/next/dist/client/dev/report-hmr-latency.js:13
[  485514ms] [LOG] [Fast Refresh] rebuilding @ webpack-internal:///(app-pages-browser)/./node_modules/next/dist/client/dev/hot-reloader/app/hot-reloader-app.js:196
[  485533ms] [LOG] [Fast Refresh] done in 18ms @ webpack-internal:///(app-pages-browser)/./node_modules/next/dist/client/dev/report-hmr-latency.js:13
[  485680ms] [LOG] [Fast Refresh] rebuilding @ webpack-internal:///(app-pages-browser)/./node_modules/next/dist/client/dev/hot-reloader/app/hot-reloader-app.js:196
[  485690ms] [LOG] [Fast Refresh] done in 10ms @ webpack-internal:///(app-pages-browser)/./node_modules/next/dist/client/dev/report-hmr-latency.js:13
[  485812ms] [LOG] [Fast Refresh] rebuilding @ webpack-internal:///(app-pages-browser)/./node_modules/next/dist/client/dev/hot-reloader/app/hot-reloader-app.js:196
[  485823ms] [LOG] [Fast Refresh] done in 11ms @ webpack-internal:///(app-pages-browser)/./node_modules/next/dist/client/dev/report-hmr-latency.js:13
[  485945ms] [LOG] [Fast Refresh] rebuilding @ webpack-internal:///(app-pages-browser)/./node_modules/next/dist/client/dev/hot-reloader/app/hot-reloader-app.js:196
[  485957ms] [LOG] [Fast Refresh] done in 12ms @ webpack-internal:///(app-pages-browser)/./node_modules/next/dist/client/dev/report-hmr-latency.js:13
[  486096ms] [LOG] [Fast Refresh] rebuilding @ webpack-internal:///(app-pages-browser)/./node_modules/next/dist/client/dev/hot-reloader/app/hot-reloader-app.js:196
[  486111ms] [LOG] [Fast Refresh] done in 14ms @ webpack-internal:///(app-pages-browser)/./node_modules/next/dist/client/dev/report-hmr-latency.js:13
[  486263ms] [LOG] [Fast Refresh] rebuilding @ webpack-internal:///(app-pages-browser)/./node_modules/next/dist/client/dev/hot-reloader/app/hot-reloader-app.js:196
[  486276ms] [LOG] [Fast Refresh] done in 14ms @ webpack-internal:///(app-pages-browser)/./node_modules/next/dist/client/dev/report-hmr-latency.js:13
[  486394ms] [LOG] [Fast Refresh] rebuilding @ webpack-internal:///(app-pages-browser)/./node_modules/next/dist/client/dev/hot-reloader/app/hot-reloader-app.js:196
[  486407ms] [LOG] [Fast Refresh] done in 13ms @ webpack-internal:///(app-pages-browser)/./node_modules/next/dist/client/dev/report-hmr-latency.js:13
[  486537ms] [LOG] [Fast Refresh] rebuilding @ webpack-internal:///(app-pages-browser)/./node_modules/next/dist/client/dev/hot-reloader/app/hot-reloader-app.js:196
[  486550ms] [LOG] [Fast Refresh] done in 13ms @ webpack-internal:///(app-pages-browser)/./node_modules/next/dist/client/dev/report-hmr-latency.js:13
[  486713ms] [LOG] [Fast Refresh] rebuilding @ webpack-internal:///(app-pages-browser)/./node_modules/next/dist/client/dev/hot-reloader/app/hot-reloader-app.js:196
[  486725ms] [LOG] [Fast Refresh] done in 12ms @ webpack-internal:///(app-pages-browser)/./node_modules/next/dist/client/dev/report-hmr-latency.js:13
[  486885ms] [LOG] [Fast Refresh] rebuilding @ webpack-internal:///(app-pages-browser)/./node_modules/next/dist/client/dev/hot-reloader/app/hot-reloader-app.js:196
[  486900ms] [LOG] [Fast Refresh] done in 14ms @ webpack-internal:///(app-pages-browser)/./node_modules/next/dist/client/dev/report-hmr-latency.js:13
[  487041ms] [LOG] [Fast Refresh] rebuilding @ webpack-internal:///(app-pages-browser)/./node_modules/next/dist/client/dev/hot-reloader/app/hot-reloader-app.js:196
[  487055ms] [LOG] [Fast Refresh] done in 13ms @ webpack-internal:///(app-pages-browser)/./node_modules/next/dist/client/dev/report-hmr-latency.js:13
[  487192ms] [LOG] [Fast Refresh] rebuilding @ webpack-internal:///(app-pages-browser)/./node_modules/next/dist/client/dev/hot-reloader/app/hot-reloader-app.js:196
[  487204ms] [LOG] [Fast Refresh] done in 13ms @ webpack-internal:///(app-pages-browser)/./node_modules/next/dist/client/dev/report-hmr-latency.js:13
[  487364ms] [LOG] [Fast Refresh] rebuilding @ webpack-internal:///(app-pages-browser)/./node_modules/next/dist/client/dev/hot-reloader/app/hot-reloader-app.js:196
[  487375ms] [LOG] [Fast Refresh] done in 11ms @ webpack-internal:///(app-pages-browser)/./node_modules/next/dist/client/dev/report-hmr-latency.js:13
[  487506ms] [LOG] [Fast Refresh] rebuilding @ webpack-internal:///(app-pages-browser)/./node_modules/next/dist/client/dev/hot-reloader/app/hot-reloader-app.js:196
[  487520ms] [LOG] [Fast Refresh] done in 13ms @ webpack-internal:///(app-pages-browser)/./node_modules/next/dist/client/dev/report-hmr-latency.js:13
[  487670ms] [LOG] [Fast Refresh] rebuilding @ webpack-internal:///(app-pages-browser)/./node_modules/next/dist/client/dev/hot-reloader/app/hot-reloader-app.js:196
[  487682ms] [LOG] [Fast Refresh] done in 11ms @ webpack-internal:///(app-pages-browser)/./node_modules/next/dist/client/dev/report-hmr-latency.js:13
[  487789ms] [LOG] [Fast Refresh] rebuilding @ webpack-internal:///(app-pages-browser)/./node_modules/next/dist/client/dev/hot-reloader/app/hot-reloader-app.js:196
[  487800ms] [LOG] [Fast Refresh] done in 12ms @ webpack-internal:///(app-pages-browser)/./node_modules/next/dist/client/dev/report-hmr-latency.js:13
[  487960ms] [LOG] [Fast Refresh] rebuilding @ webpack-internal:///(app-pages-browser)/./node_modules/next/dist/client/dev/hot-reloader/app/hot-reloader-app.js:196
[  487971ms] [LOG] [Fast Refresh] done in 12ms @ webpack-internal:///(app-pages-browser)/./node_modules/next/dist/client/dev/report-hmr-latency.js:13
[  488120ms] [LOG] [Fast Refresh] rebuilding @ webpack-internal:///(app-pages-browser)/./node_modules/next/dist/client/dev/hot-reloader/app/hot-reloader-app.js:196
[  488131ms] [LOG] [Fast Refresh] done in 11ms @ webpack-internal:///(app-pages-browser)/./node_modules/next/dist/client/dev/report-hmr-latency.js:13
[  488272ms] [LOG] [Fast Refresh] rebuilding @ webpack-internal:///(app-pages-browser)/./node_modules/next/dist/client/dev/hot-reloader/app/hot-reloader-app.js:196
[  488296ms] [LOG] [Fast Refresh] done in 23ms @ webpack-internal:///(app-pages-browser)/./node_modules/next/dist/client/dev/report-hmr-latency.js:13
[  488434ms] [LOG] [Fast Refresh] rebuilding @ webpack-internal:///(app-pages-browser)/./node_modules/next/dist/client/dev/hot-reloader/app/hot-reloader-app.js:196
[  488457ms] [LOG] [Fast Refresh] done in 22ms @ webpack-internal:///(app-pages-browser)/./node_modules/next/dist/client/dev/report-hmr-latency.js:13
[  488622ms] [LOG] [Fast Refresh] rebuilding @ webpack-internal:///(app-pages-browser)/./node_modules/next/dist/client/dev/hot-reloader/app/hot-reloader-app.js:196
[  488636ms] [LOG] [Fast Refresh] done in 14ms @ webpack-internal:///(app-pages-browser)/./node_modules/next/dist/client/dev/report-hmr-latency.js:13
[  488773ms] [LOG] [Fast Refresh] rebuilding @ webpack-internal:///(app-pages-browser)/./node_modules/next/dist/client/dev/hot-reloader/app/hot-reloader-app.js:196
[  488784ms] [LOG] [Fast Refresh] done in 10ms @ webpack-internal:///(app-pages-browser)/./node_modules/next/dist/client/dev/report-hmr-latency.js:13
[  488891ms] [LOG] [Fast Refresh] rebuilding @ webpack-internal:///(app-pages-browser)/./node_modules/next/dist/client/dev/hot-reloader/app/hot-reloader-app.js:196
[  488992ms] [LOG] [Fast Refresh] done in 101ms @ webpack-internal:///(app-pages-browser)/./node_modules/next/dist/client/dev/report-hmr-latency.js:13
[  489059ms] [LOG] [Fast Refresh] rebuilding @ webpack-internal:///(app-pages-browser)/./node_modules/next/dist/client/dev/hot-reloader/app/hot-reloader-app.js:196
[  489072ms] [LOG] [Fast Refresh] done in 13ms @ webpack-internal:///(app-pages-browser)/./node_modules/next/dist/client/dev/report-hmr-latency.js:13
[  489226ms] [LOG] [Fast Refresh] rebuilding @ webpack-internal:///(app-pages-browser)/./node_modules/next/dist/client/dev/hot-reloader/app/hot-reloader-app.js:196
[  489237ms] [LOG] [Fast Refresh] done in 11ms @ webpack-internal:///(app-pages-browser)/./node_modules/next/dist/client/dev/report-hmr-latency.js:13
[  489394ms] [LOG] [Fast Refresh] rebuilding @ webpack-internal:///(app-pages-browser)/./node_modules/next/dist/client/dev/hot-reloader/app/hot-reloader-app.js:196
[  489409ms] [LOG] [Fast Refresh] done in 16ms @ webpack-internal:///(app-pages-browser)/./node_modules/next/dist/client/dev/report-hmr-latency.js:13
[  489560ms] [LOG] [Fast Refresh] rebuilding @ webpack-internal:///(app-pages-browser)/./node_modules/next/dist/client/dev/hot-reloader/app/hot-reloader-app.js:196
[  489572ms] [LOG] [Fast Refresh] done in 12ms @ webpack-internal:///(app-pages-browser)/./node_modules/next/dist/client/dev/report-hmr-latency.js:13
[  489725ms] [LOG] [Fast Refresh] rebuilding @ webpack-internal:///(app-pages-browser)/./node_modules/next/dist/client/dev/hot-reloader/app/hot-reloader-app.js:196
[  489735ms] [LOG] [Fast Refresh] done in 10ms @ webpack-internal:///(app-pages-browser)/./node_modules/next/dist/client/dev/report-hmr-latency.js:13
[  489893ms] [LOG] [Fast Refresh] rebuilding @ webpack-internal:///(app-pages-browser)/./node_modules/next/dist/client/dev/hot-reloader/app/hot-reloader-app.js:196
[  489905ms] [LOG] [Fast Refresh] done in 12ms @ webpack-internal:///(app-pages-browser)/./node_modules/next/dist/client/dev/report-hmr-latency.js:13
[  490061ms] [LOG] [Fast Refresh] rebuilding @ webpack-internal:///(app-pages-browser)/./node_modules/next/dist/client/dev/hot-reloader/app/hot-reloader-app.js:196
[  490076ms] [LOG] [Fast Refresh] done in 14ms @ webpack-internal:///(app-pages-browser)/./node_modules/next/dist/client/dev/report-hmr-latency.js:13
[  490192ms] [LOG] [Fast Refresh] rebuilding @ webpack-internal:///(app-pages-browser)/./node_modules/next/dist/client/dev/hot-reloader/app/hot-reloader-app.js:196
[  490205ms] [LOG] [Fast Refresh] done in 13ms @ webpack-internal:///(app-pages-browser)/./node_modules/next/dist/client/dev/report-hmr-latency.js:13
[  490378ms] [LOG] [Fast Refresh] rebuilding @ webpack-internal:///(app-pages-browser)/./node_modules/next/dist/client/dev/hot-reloader/app/hot-reloader-app.js:196
[  490390ms] [LOG] [Fast Refresh] done in 12ms @ webpack-internal:///(app-pages-browser)/./node_modules/next/dist/client/dev/report-hmr-latency.js:13
[  490535ms] [LOG] [Fast Refresh] rebuilding @ webpack-internal:///(app-pages-browser)/./node_modules/next/dist/client/dev/hot-reloader/app/hot-reloader-app.js:196
[  490546ms] [LOG] [Fast Refresh] done in 11ms @ webpack-internal:///(app-pages-browser)/./node_modules/next/dist/client/dev/report-hmr-latency.js:13
[  490652ms] [LOG] [Fast Refresh] rebuilding @ webpack-internal:///(app-pages-browser)/./node_modules/next/dist/client/dev/hot-reloader/app/hot-reloader-app.js:196
[  490725ms] [LOG] [Fast Refresh] done in 72ms @ webpack-internal:///(app-pages-browser)/./node_modules/next/dist/client/dev/report-hmr-latency.js:13
[  490779ms] [LOG] [Fast Refresh] rebuilding @ webpack-internal:///(app-pages-browser)/./node_modules/next/dist/client/dev/hot-reloader/app/hot-reloader-app.js:196
[  490795ms] [LOG] [Fast Refresh] done in 16ms @ webpack-internal:///(app-pages-browser)/./node_modules/next/dist/client/dev/report-hmr-latency.js:13
[  490941ms] [LOG] [Fast Refresh] rebuilding @ webpack-internal:///(app-pages-browser)/./node_modules/next/dist/client/dev/hot-reloader/app/hot-reloader-app.js:196
[  490958ms] [LOG] [Fast Refresh] done in 18ms @ webpack-internal:///(app-pages-browser)/./node_modules/next/dist/client/dev/report-hmr-latency.js:13
[  491092ms] [LOG] [Fast Refresh] rebuilding @ webpack-internal:///(app-pages-browser)/./node_modules/next/dist/client/dev/hot-reloader/app/hot-reloader-app.js:196
[  491103ms] [LOG] [Fast Refresh] done in 12ms @ webpack-internal:///(app-pages-browser)/./node_modules/next/dist/client/dev/report-hmr-latency.js:13
[  491224ms] [LOG] [Fast Refresh] rebuilding @ webpack-internal:///(app-pages-browser)/./node_modules/next/dist/client/dev/hot-reloader/app/hot-reloader-app.js:196
[  491237ms] [LOG] [Fast Refresh] done in 14ms @ webpack-internal:///(app-pages-browser)/./node_modules/next/dist/client/dev/report-hmr-latency.js:13
[  491393ms] [LOG] [Fast Refresh] rebuilding @ webpack-internal:///(app-pages-browser)/./node_modules/next/dist/client/dev/hot-reloader/app/hot-reloader-app.js:196
[  491406ms] [LOG] [Fast Refresh] done in 13ms @ webpack-internal:///(app-pages-browser)/./node_modules/next/dist/client/dev/report-hmr-latency.js:13
[  491575ms] [LOG] [Fast Refresh] rebuilding @ webpack-internal:///(app-pages-browser)/./node_modules/next/dist/client/dev/hot-reloader/app/hot-reloader-app.js:196
[  491585ms] [LOG] [Fast Refresh] done in 11ms @ webpack-internal:///(app-pages-browser)/./node_modules/next/dist/client/dev/report-hmr-latency.js:13
[  491741ms] [LOG] [Fast Refresh] rebuilding @ webpack-internal:///(app-pages-browser)/./node_modules/next/dist/client/dev/hot-reloader/app/hot-reloader-app.js:196
[  491754ms] [LOG] [Fast Refresh] done in 13ms @ webpack-internal:///(app-pages-browser)/./node_modules/next/dist/client/dev/report-hmr-latency.js:13
[  491898ms] [LOG] [Fast Refresh] rebuilding @ webpack-internal:///(app-pages-browser)/./node_modules/next/dist/client/dev/hot-reloader/app/hot-reloader-app.js:196
[  491911ms] [LOG] [Fast Refresh] done in 13ms @ webpack-internal:///(app-pages-browser)/./node_modules/next/dist/client/dev/report-hmr-latency.js:13
[  492024ms] [LOG] [Fast Refresh] rebuilding @ webpack-internal:///(app-pages-browser)/./node_modules/next/dist/client/dev/hot-reloader/app/hot-reloader-app.js:196
[  492034ms] [LOG] [Fast Refresh] done in 11ms @ webpack-internal:///(app-pages-browser)/./node_modules/next/dist/client/dev/report-hmr-latency.js:13
[  492179ms] [LOG] [Fast Refresh] rebuilding @ webpack-internal:///(app-pages-browser)/./node_modules/next/dist/client/dev/hot-reloader/app/hot-reloader-app.js:196
[  492196ms] [LOG] [Fast Refresh] done in 17ms @ webpack-internal:///(app-pages-browser)/./node_modules/next/dist/client/dev/report-hmr-latency.js:13
[  492351ms] [LOG] [Fast Refresh] rebuilding @ webpack-internal:///(app-pages-browser)/./node_modules/next/dist/client/dev/hot-reloader/app/hot-reloader-app.js:196
[  492366ms] [LOG] [Fast Refresh] done in 14ms @ webpack-internal:///(app-pages-browser)/./node_modules/next/dist/client/dev/report-hmr-latency.js:13
[  492479ms] [LOG] [Fast Refresh] rebuilding @ webpack-internal:///(app-pages-browser)/./node_modules/next/dist/client/dev/hot-reloader/app/hot-reloader-app.js:196
[  492490ms] [LOG] [Fast Refresh] done in 11ms @ webpack-internal:///(app-pages-browser)/./node_modules/next/dist/client/dev/report-hmr-latency.js:13
[  492660ms] [LOG] [Fast Refresh] rebuilding @ webpack-internal:///(app-pages-browser)/./node_modules/next/dist/client/dev/hot-reloader/app/hot-reloader-app.js:196
[  492678ms] [LOG] [Fast Refresh] done in 17ms @ webpack-internal:///(app-pages-browser)/./node_modules/next/dist/client/dev/report-hmr-latency.js:13
[  492833ms] [LOG] [Fast Refresh] rebuilding @ webpack-internal:///(app-pages-browser)/./node_modules/next/dist/client/dev/hot-reloader/app/hot-reloader-app.js:196
[  492848ms] [LOG] [Fast Refresh] done in 15ms @ webpack-internal:///(app-pages-browser)/./node_modules/next/dist/client/dev/report-hmr-latency.js:13
[  492993ms] [LOG] [Fast Refresh] rebuilding @ webpack-internal:///(app-pages-browser)/./node_modules/next/dist/client/dev/hot-reloader/app/hot-reloader-app.js:196
[  493014ms] [LOG] [Fast Refresh] done in 20ms @ webpack-internal:///(app-pages-browser)/./node_modules/next/dist/client/dev/report-hmr-latency.js:13
[  493175ms] [LOG] [Fast Refresh] rebuilding @ webpack-internal:///(app-pages-browser)/./node_modules/next/dist/client/dev/hot-reloader/app/hot-reloader-app.js:196
[  493189ms] [LOG] [Fast Refresh] done in 14ms @ webpack-internal:///(app-pages-browser)/./node_modules/next/dist/client/dev/report-hmr-latency.js:13
[  493301ms] [LOG] [Fast Refresh] rebuilding @ webpack-internal:///(app-pages-browser)/./node_modules/next/dist/client/dev/hot-reloader/app/hot-reloader-app.js:196
[  493311ms] [LOG] [Fast Refresh] done in 10ms @ webpack-internal:///(app-pages-browser)/./node_modules/next/dist/client/dev/report-hmr-latency.js:13
[  493439ms] [LOG] [Fast Refresh] rebuilding @ webpack-internal:///(app-pages-browser)/./node_modules/next/dist/client/dev/hot-reloader/app/hot-reloader-app.js:196
[  493450ms] [LOG] [Fast Refresh] done in 11ms @ webpack-internal:///(app-pages-browser)/./node_modules/next/dist/client/dev/report-hmr-latency.js:13
[  493621ms] [LOG] [Fast Refresh] rebuilding @ webpack-internal:///(app-pages-browser)/./node_modules/next/dist/client/dev/hot-reloader/app/hot-reloader-app.js:196
[  493634ms] [LOG] [Fast Refresh] done in 13ms @ webpack-internal:///(app-pages-browser)/./node_modules/next/dist/client/dev/report-hmr-latency.js:13
[  493769ms] [LOG] [Fast Refresh] rebuilding @ webpack-internal:///(app-pages-browser)/./node_modules/next/dist/client/dev/hot-reloader/app/hot-reloader-app.js:196
[  493781ms] [LOG] [Fast Refresh] done in 11ms @ webpack-internal:///(app-pages-browser)/./node_modules/next/dist/client/dev/report-hmr-latency.js:13
[  493926ms] [LOG] [Fast Refresh] rebuilding @ webpack-internal:///(app-pages-browser)/./node_modules/next/dist/client/dev/hot-reloader/app/hot-reloader-app.js:196
[  493947ms] [LOG] [Fast Refresh] done in 22ms @ webpack-internal:///(app-pages-browser)/./node_modules/next/dist/client/dev/report-hmr-latency.js:13
[  494081ms] [LOG] [Fast Refresh] rebuilding @ webpack-internal:///(app-pages-browser)/./node_modules/next/dist/client/dev/hot-reloader/app/hot-reloader-app.js:196
[  494095ms] [LOG] [Fast Refresh] done in 15ms @ webpack-internal:///(app-pages-browser)/./node_modules/next/dist/client/dev/report-hmr-latency.js:13
[  494248ms] [LOG] [Fast Refresh] rebuilding @ webpack-internal:///(app-pages-browser)/./node_modules/next/dist/client/dev/hot-reloader/app/hot-reloader-app.js:196
[  494273ms] [LOG] [Fast Refresh] done in 26ms @ webpack-internal:///(app-pages-browser)/./node_modules/next/dist/client/dev/report-hmr-latency.js:13
[  494408ms] [LOG] [Fast Refresh] rebuilding @ webpack-internal:///(app-pages-browser)/./node_modules/next/dist/client/dev/hot-reloader/app/hot-reloader-app.js:196
[  494419ms] [LOG] [Fast Refresh] done in 12ms @ webpack-internal:///(app-pages-browser)/./node_modules/next/dist/client/dev/report-hmr-latency.js:13
[  494585ms] [LOG] [Fast Refresh] rebuilding @ webpack-internal:///(app-pages-browser)/./node_modules/next/dist/client/dev/hot-reloader/app/hot-reloader-app.js:196
[  494595ms] [LOG] [Fast Refresh] done in 11ms @ webpack-internal:///(app-pages-browser)/./node_modules/next/dist/client/dev/report-hmr-latency.js:13
[  494747ms] [LOG] [Fast Refresh] rebuilding @ webpack-internal:///(app-pages-browser)/./node_modules/next/dist/client/dev/hot-reloader/app/hot-reloader-app.js:196
[  494756ms] [LOG] [Fast Refresh] done in 9ms @ webpack-internal:///(app-pages-browser)/./node_modules/next/dist/client/dev/report-hmr-latency.js:13
[  494867ms] [LOG] [Fast Refresh] rebuilding @ webpack-internal:///(app-pages-browser)/./node_modules/next/dist/client/dev/hot-reloader/app/hot-reloader-app.js:196
[  494877ms] [LOG] [Fast Refresh] done in 10ms @ webpack-internal:///(app-pages-browser)/./node_modules/next/dist/client/dev/report-hmr-latency.js:13
[  495019ms] [LOG] [Fast Refresh] rebuilding @ webpack-internal:///(app-pages-browser)/./node_modules/next/dist/client/dev/hot-reloader/app/hot-reloader-app.js:196
[  495047ms] [LOG] [Fast Refresh] done in 28ms @ webpack-internal:///(app-pages-browser)/./node_modules/next/dist/client/dev/report-hmr-latency.js:13
[  495169ms] [LOG] [Fast Refresh] rebuilding @ webpack-internal:///(app-pages-browser)/./node_modules/next/dist/client/dev/hot-reloader/app/hot-reloader-app.js:196
[  495179ms] [LOG] [Fast Refresh] done in 10ms @ webpack-internal:///(app-pages-browser)/./node_modules/next/dist/client/dev/report-hmr-latency.js:13
[  495317ms] [LOG] [Fast Refresh] rebuilding @ webpack-internal:///(app-pages-browser)/./node_modules/next/dist/client/dev/hot-reloader/app/hot-reloader-app.js:196
[  495328ms] [LOG] [Fast Refresh] done in 11ms @ webpack-internal:///(app-pages-browser)/./node_modules/next/dist/client/dev/report-hmr-latency.js:13
[  495434ms] [LOG] [Fast Refresh] rebuilding @ webpack-internal:///(app-pages-browser)/./node_modules/next/dist/client/dev/hot-reloader/app/hot-reloader-app.js:196
[  495444ms] [LOG] [Fast Refresh] done in 9ms @ webpack-internal:///(app-pages-browser)/./node_modules/next/dist/client/dev/report-hmr-latency.js:13
[  495605ms] [LOG] [Fast Refresh] rebuilding @ webpack-internal:///(app-pages-browser)/./node_modules/next/dist/client/dev/hot-reloader/app/hot-reloader-app.js:196
[  495618ms] [LOG] [Fast Refresh] done in 12ms @ webpack-internal:///(app-pages-browser)/./node_modules/next/dist/client/dev/report-hmr-latency.js:13
[  495728ms] [LOG] [Fast Refresh] rebuilding @ webpack-internal:///(app-pages-browser)/./node_modules/next/dist/client/dev/hot-reloader/app/hot-reloader-app.js:196
[  495739ms] [LOG] [Fast Refresh] done in 10ms @ webpack-internal:///(app-pages-browser)/./node_modules/next/dist/client/dev/report-hmr-latency.js:13
[  495859ms] [LOG] [Fast Refresh] rebuilding @ webpack-internal:///(app-pages-browser)/./node_modules/next/dist/client/dev/hot-reloader/app/hot-reloader-app.js:196
[  495871ms] [LOG] [Fast Refresh] done in 11ms @ webpack-internal:///(app-pages-browser)/./node_modules/next/dist/client/dev/report-hmr-latency.js:13
[  496049ms] [LOG] [Fast Refresh] rebuilding @ webpack-internal:///(app-pages-browser)/./node_modules/next/dist/client/dev/hot-reloader/app/hot-reloader-app.js:196
[  496075ms] [LOG] [Fast Refresh] done in 26ms @ webpack-internal:///(app-pages-browser)/./node_modules/next/dist/client/dev/report-hmr-latency.js:13
[  496220ms] [LOG] [Fast Refresh] rebuilding @ webpack-internal:///(app-pages-browser)/./node_modules/next/dist/client/dev/hot-reloader/app/hot-reloader-app.js:196
[  496246ms] [LOG] [Fast Refresh] done in 27ms @ webpack-internal:///(app-pages-browser)/./node_modules/next/dist/client/dev/report-hmr-latency.js:13
[  496358ms] [LOG] [Fast Refresh] rebuilding @ webpack-internal:///(app-pages-browser)/./node_modules/next/dist/client/dev/hot-reloader/app/hot-reloader-app.js:196
[  496372ms] [LOG] [Fast Refresh] done in 13ms @ webpack-internal:///(app-pages-browser)/./node_modules/next/dist/client/dev/report-hmr-latency.js:13
[  496495ms] [LOG] [Fast Refresh] rebuilding @ webpack-internal:///(app-pages-browser)/./node_modules/next/dist/client/dev/hot-reloader/app/hot-reloader-app.js:196
[  496506ms] [LOG] [Fast Refresh] done in 11ms @ webpack-internal:///(app-pages-browser)/./node_modules/next/dist/client/dev/report-hmr-latency.js:13
[  496665ms] [LOG] [Fast Refresh] rebuilding @ webpack-internal:///(app-pages-browser)/./node_modules/next/dist/client/dev/hot-reloader/app/hot-reloader-app.js:196
[  496677ms] [LOG] [Fast Refresh] done in 12ms @ webpack-internal:///(app-pages-browser)/./node_modules/next/dist/client/dev/report-hmr-latency.js:13
[  496828ms] [LOG] [Fast Refresh] rebuilding @ webpack-internal:///(app-pages-browser)/./node_modules/next/dist/client/dev/hot-reloader/app/hot-reloader-app.js:196
[  496841ms] [LOG] [Fast Refresh] done in 13ms @ webpack-internal:///(app-pages-browser)/./node_modules/next/dist/client/dev/report-hmr-latency.js:13
[  496992ms] [LOG] [Fast Refresh] rebuilding @ webpack-internal:///(app-pages-browser)/./node_modules/next/dist/client/dev/hot-reloader/app/hot-reloader-app.js:196
[  497006ms] [LOG] [Fast Refresh] done in 13ms @ webpack-internal:///(app-pages-browser)/./node_modules/next/dist/client/dev/report-hmr-latency.js:13
[  497164ms] [LOG] [Fast Refresh] rebuilding @ webpack-internal:///(app-pages-browser)/./node_modules/next/dist/client/dev/hot-reloader/app/hot-reloader-app.js:196
[  497172ms] [LOG] [Fast Refresh] done in 9ms @ webpack-internal:///(app-pages-browser)/./node_modules/next/dist/client/dev/report-hmr-latency.js:13
[  497331ms] [LOG] [Fast Refresh] rebuilding @ webpack-internal:///(app-pages-browser)/./node_modules/next/dist/client/dev/hot-reloader/app/hot-reloader-app.js:196
[  497348ms] [LOG] [Fast Refresh] done in 18ms @ webpack-internal:///(app-pages-browser)/./node_modules/next/dist/client/dev/report-hmr-latency.js:13
[  497467ms] [LOG] [Fast Refresh] rebuilding @ webpack-internal:///(app-pages-browser)/./node_modules/next/dist/client/dev/hot-reloader/app/hot-reloader-app.js:196
[  497485ms] [LOG] [Fast Refresh] done in 17ms @ webpack-internal:///(app-pages-browser)/./node_modules/next/dist/client/dev/report-hmr-latency.js:13
[  497737ms] [LOG] [Fast Refresh] rebuilding @ webpack-internal:///(app-pages-browser)/./node_modules/next/dist/client/dev/hot-reloader/app/hot-reloader-app.js:196
[  497749ms] [LOG] [Fast Refresh] done in 11ms @ webpack-internal:///(app-pages-browser)/./node_modules/next/dist/client/dev/report-hmr-latency.js:13
[  497934ms] [LOG] [Fast Refresh] rebuilding @ webpack-internal:///(app-pages-browser)/./node_modules/next/dist/client/dev/hot-reloader/app/hot-reloader-app.js:196
[  497942ms] [LOG] [Fast Refresh] done in 8ms @ webpack-internal:///(app-pages-browser)/./node_modules/next/dist/client/dev/report-hmr-latency.js:13
[  498093ms] [LOG] [Fast Refresh] rebuilding @ webpack-internal:///(app-pages-browser)/./node_modules/next/dist/client/dev/hot-reloader/app/hot-reloader-app.js:196
[  498107ms] [LOG] [Fast Refresh] done in 14ms @ webpack-internal:///(app-pages-browser)/./node_modules/next/dist/client/dev/report-hmr-latency.js:13
[  498237ms] [LOG] [Fast Refresh] rebuilding @ webpack-internal:///(app-pages-browser)/./node_modules/next/dist/client/dev/hot-reloader/app/hot-reloader-app.js:196
[  498249ms] [LOG] [Fast Refresh] done in 11ms @ webpack-internal:///(app-pages-browser)/./node_modules/next/dist/client/dev/report-hmr-latency.js:13
[  498368ms] [LOG] [Fast Refresh] rebuilding @ webpack-internal:///(app-pages-browser)/./node_modules/next/dist/client/dev/hot-reloader/app/hot-reloader-app.js:196
[  498393ms] [LOG] [Fast Refresh] done in 24ms @ webpack-internal:///(app-pages-browser)/./node_modules/next/dist/client/dev/report-hmr-latency.js:13
[  498564ms] [LOG] [Fast Refresh] rebuilding @ webpack-internal:///(app-pages-browser)/./node_modules/next/dist/client/dev/hot-reloader/app/hot-reloader-app.js:196
[  498582ms] [LOG] [Fast Refresh] done in 18ms @ webpack-internal:///(app-pages-browser)/./node_modules/next/dist/client/dev/report-hmr-latency.js:13
[  498699ms] [LOG] [Fast Refresh] rebuilding @ webpack-internal:///(app-pages-browser)/./node_modules/next/dist/client/dev/hot-reloader/app/hot-reloader-app.js:196
[  498707ms] [LOG] [Fast Refresh] done in 8ms @ webpack-internal:///(app-pages-browser)/./node_modules/next/dist/client/dev/report-hmr-latency.js:13
[  498833ms] [LOG] [Fast Refresh] rebuilding @ webpack-internal:///(app-pages-browser)/./node_modules/next/dist/client/dev/hot-reloader/app/hot-reloader-app.js:196
[  498847ms] [LOG] [Fast Refresh] done in 15ms @ webpack-internal:///(app-pages-browser)/./node_modules/next/dist/client/dev/report-hmr-latency.js:13
[  499013ms] [LOG] [Fast Refresh] rebuilding @ webpack-internal:///(app-pages-browser)/./node_modules/next/dist/client/dev/hot-reloader/app/hot-reloader-app.js:196
[  499036ms] [LOG] [Fast Refresh] done in 24ms @ webpack-internal:///(app-pages-browser)/./node_modules/next/dist/client/dev/report-hmr-latency.js:13
[  499146ms] [LOG] [Fast Refresh] rebuilding @ webpack-internal:///(app-pages-browser)/./node_modules/next/dist/client/dev/hot-reloader/app/hot-reloader-app.js:196
[  499156ms] [LOG] [Fast Refresh] done in 10ms @ webpack-internal:///(app-pages-browser)/./node_modules/next/dist/client/dev/report-hmr-latency.js:13
[  499271ms] [LOG] [Fast Refresh] rebuilding @ webpack-internal:///(app-pages-browser)/./node_modules/next/dist/client/dev/hot-reloader/app/hot-reloader-app.js:196
[  499283ms] [LOG] [Fast Refresh] done in 13ms @ webpack-internal:///(app-pages-browser)/./node_modules/next/dist/client/dev/report-hmr-latency.js:13
[  499425ms] [LOG] [Fast Refresh] rebuilding @ webpack-internal:///(app-pages-browser)/./node_modules/next/dist/client/dev/hot-reloader/app/hot-reloader-app.js:196
[  499435ms] [LOG] [Fast Refresh] done in 10ms @ webpack-internal:///(app-pages-browser)/./node_modules/next/dist/client/dev/report-hmr-latency.js:13
[  499587ms] [LOG] [Fast Refresh] rebuilding @ webpack-internal:///(app-pages-browser)/./node_modules/next/dist/client/dev/hot-reloader/app/hot-reloader-app.js:196
[  499603ms] [LOG] [Fast Refresh] done in 17ms @ webpack-internal:///(app-pages-browser)/./node_modules/next/dist/client/dev/report-hmr-latency.js:13
[  499765ms] [LOG] [Fast Refresh] rebuilding @ webpack-internal:///(app-pages-browser)/./node_modules/next/dist/client/dev/hot-reloader/app/hot-reloader-app.js:196
[  499775ms] [LOG] [Fast Refresh] done in 10ms @ webpack-internal:///(app-pages-browser)/./node_modules/next/dist/client/dev/report-hmr-latency.js:13
[  499889ms] [LOG] [Fast Refresh] rebuilding @ webpack-internal:///(app-pages-browser)/./node_modules/next/dist/client/dev/hot-reloader/app/hot-reloader-app.js:196
[  499896ms] [LOG] [Fast Refresh] done in 7ms @ webpack-internal:///(app-pages-browser)/./node_modules/next/dist/client/dev/report-hmr-latency.js:13
[  500058ms] [LOG] [Fast Refresh] rebuilding @ webpack-internal:///(app-pages-browser)/./node_modules/next/dist/client/dev/hot-reloader/app/hot-reloader-app.js:196
[  500072ms] [LOG] [Fast Refresh] done in 15ms @ webpack-internal:///(app-pages-browser)/./node_modules/next/dist/client/dev/report-hmr-latency.js:13
[  500199ms] [LOG] [Fast Refresh] rebuilding @ webpack-internal:///(app-pages-browser)/./node_modules/next/dist/client/dev/hot-reloader/app/hot-reloader-app.js:196
[  500214ms] [LOG] [Fast Refresh] done in 14ms @ webpack-internal:///(app-pages-browser)/./node_modules/next/dist/client/dev/report-hmr-latency.js:13
[  500366ms] [LOG] [Fast Refresh] rebuilding @ webpack-internal:///(app-pages-browser)/./node_modules/next/dist/client/dev/hot-reloader/app/hot-reloader-app.js:196
[  500377ms] [LOG] [Fast Refresh] done in 11ms @ webpack-internal:///(app-pages-browser)/./node_modules/next/dist/client/dev/report-hmr-latency.js:13
[  500534ms] [LOG] [Fast Refresh] rebuilding @ webpack-internal:///(app-pages-browser)/./node_modules/next/dist/client/dev/hot-reloader/app/hot-reloader-app.js:196
[  500548ms] [LOG] [Fast Refresh] done in 14ms @ webpack-internal:///(app-pages-browser)/./node_modules/next/dist/client/dev/report-hmr-latency.js:13
[  500709ms] [LOG] [Fast Refresh] rebuilding @ webpack-internal:///(app-pages-browser)/./node_modules/next/dist/client/dev/hot-reloader/app/hot-reloader-app.js:196
[  500723ms] [LOG] [Fast Refresh] done in 13ms @ webpack-internal:///(app-pages-browser)/./node_modules/next/dist/client/dev/report-hmr-latency.js:13
[  500891ms] [LOG] [Fast Refresh] rebuilding @ webpack-internal:///(app-pages-browser)/./node_modules/next/dist/client/dev/hot-reloader/app/hot-reloader-app.js:196
[  500898ms] [LOG] [Fast Refresh] done in 8ms @ webpack-internal:///(app-pages-browser)/./node_modules/next/dist/client/dev/report-hmr-latency.js:13
[  501052ms] [LOG] [Fast Refresh] rebuilding @ webpack-internal:///(app-pages-browser)/./node_modules/next/dist/client/dev/hot-reloader/app/hot-reloader-app.js:196
[  501065ms] [LOG] [Fast Refresh] done in 12ms @ webpack-internal:///(app-pages-browser)/./node_modules/next/dist/client/dev/report-hmr-latency.js:13
[  501211ms] [LOG] [Fast Refresh] rebuilding @ webpack-internal:///(app-pages-browser)/./node_modules/next/dist/client/dev/hot-reloader/app/hot-reloader-app.js:196
[  501231ms] [LOG] [Fast Refresh] done in 20ms @ webpack-internal:///(app-pages-browser)/./node_modules/next/dist/client/dev/report-hmr-latency.js:13
[  501400ms] [LOG] [Fast Refresh] rebuilding @ webpack-internal:///(app-pages-browser)/./node_modules/next/dist/client/dev/hot-reloader/app/hot-reloader-app.js:196
[  501526ms] [LOG] [Fast Refresh] done in 126ms @ webpack-internal:///(app-pages-browser)/./node_modules/next/dist/client/dev/report-hmr-latency.js:13
[  501596ms] [LOG] [Fast Refresh] rebuilding @ webpack-internal:///(app-pages-browser)/./node_modules/next/dist/client/dev/hot-reloader/app/hot-reloader-app.js:196
[  501608ms] [LOG] [Fast Refresh] done in 11ms @ webpack-internal:///(app-pages-browser)/./node_modules/next/dist/client/dev/report-hmr-latency.js:13
[  501785ms] [LOG] [Fast Refresh] rebuilding @ webpack-internal:///(app-pages-browser)/./node_modules/next/dist/client/dev/hot-reloader/app/hot-reloader-app.js:196
[  501796ms] [LOG] [Fast Refresh] done in 12ms @ webpack-internal:///(app-pages-browser)/./node_modules/next/dist/client/dev/report-hmr-latency.js:13
[  501953ms] [LOG] [Fast Refresh] rebuilding @ webpack-internal:///(app-pages-browser)/./node_modules/next/dist/client/dev/hot-reloader/app/hot-reloader-app.js:196
[  501965ms] [LOG] [Fast Refresh] done in 11ms @ webpack-internal:///(app-pages-browser)/./node_modules/next/dist/client/dev/report-hmr-latency.js:13
[  502135ms] [LOG] [Fast Refresh] rebuilding @ webpack-internal:///(app-pages-browser)/./node_modules/next/dist/client/dev/hot-reloader/app/hot-reloader-app.js:196
[  502148ms] [LOG] [Fast Refresh] done in 13ms @ webpack-internal:///(app-pages-browser)/./node_modules/next/dist/client/dev/report-hmr-latency.js:13
[  502308ms] [LOG] [Fast Refresh] rebuilding @ webpack-internal:///(app-pages-browser)/./node_modules/next/dist/client/dev/hot-reloader/app/hot-reloader-app.js:196
[  502343ms] [LOG] [Fast Refresh] done in 35ms @ webpack-internal:///(app-pages-browser)/./node_modules/next/dist/client/dev/report-hmr-latency.js:13
[  502453ms] [LOG] [Fast Refresh] rebuilding @ webpack-internal:///(app-pages-browser)/./node_modules/next/dist/client/dev/hot-reloader/app/hot-reloader-app.js:196
[  502465ms] [LOG] [Fast Refresh] done in 11ms @ webpack-internal:///(app-pages-browser)/./node_modules/next/dist/client/dev/report-hmr-latency.js:13
[  502578ms] [LOG] [Fast Refresh] rebuilding @ webpack-internal:///(app-pages-browser)/./node_modules/next/dist/client/dev/hot-reloader/app/hot-reloader-app.js:196
[  502589ms] [LOG] [Fast Refresh] done in 11ms @ webpack-internal:///(app-pages-browser)/./node_modules/next/dist/client/dev/report-hmr-latency.js:13
[  502728ms] [LOG] [Fast Refresh] rebuilding @ webpack-internal:///(app-pages-browser)/./node_modules/next/dist/client/dev/hot-reloader/app/hot-reloader-app.js:196
[  502743ms] [LOG] [Fast Refresh] done in 14ms @ webpack-internal:///(app-pages-browser)/./node_modules/next/dist/client/dev/report-hmr-latency.js:13
[  502862ms] [LOG] [Fast Refresh] rebuilding @ webpack-internal:///(app-pages-browser)/./node_modules/next/dist/client/dev/hot-reloader/app/hot-reloader-app.js:196
[  502874ms] [LOG] [Fast Refresh] done in 12ms @ webpack-internal:///(app-pages-browser)/./node_modules/next/dist/client/dev/report-hmr-latency.js:13
[  503028ms] [LOG] [Fast Refresh] rebuilding @ webpack-internal:///(app-pages-browser)/./node_modules/next/dist/client/dev/hot-reloader/app/hot-reloader-app.js:196
[  503043ms] [LOG] [Fast Refresh] done in 15ms @ webpack-internal:///(app-pages-browser)/./node_modules/next/dist/client/dev/report-hmr-latency.js:13
[  503198ms] [LOG] [Fast Refresh] rebuilding @ webpack-internal:///(app-pages-browser)/./node_modules/next/dist/client/dev/hot-reloader/app/hot-reloader-app.js:196
[  503307ms] [LOG] [Fast Refresh] done in 110ms @ webpack-internal:///(app-pages-browser)/./node_modules/next/dist/client/dev/report-hmr-latency.js:13
[  503381ms] [LOG] [Fast Refresh] rebuilding @ webpack-internal:///(app-pages-browser)/./node_modules/next/dist/client/dev/hot-reloader/app/hot-reloader-app.js:196
[  503399ms] [LOG] [Fast Refresh] done in 18ms @ webpack-internal:///(app-pages-browser)/./node_modules/next/dist/client/dev/report-hmr-latency.js:13
[  503517ms] [LOG] [Fast Refresh] rebuilding @ webpack-internal:///(app-pages-browser)/./node_modules/next/dist/client/dev/hot-reloader/app/hot-reloader-app.js:196
[  503527ms] [LOG] [Fast Refresh] done in 10ms @ webpack-internal:///(app-pages-browser)/./node_modules/next/dist/client/dev/report-hmr-latency.js:13
[  503686ms] [LOG] [Fast Refresh] rebuilding @ webpack-internal:///(app-pages-browser)/./node_modules/next/dist/client/dev/hot-reloader/app/hot-reloader-app.js:196
[  503700ms] [LOG] [Fast Refresh] done in 15ms @ webpack-internal:///(app-pages-browser)/./node_modules/next/dist/client/dev/report-hmr-latency.js:13
[  503859ms] [LOG] [Fast Refresh] rebuilding @ webpack-internal:///(app-pages-browser)/./node_modules/next/dist/client/dev/hot-reloader/app/hot-reloader-app.js:196
[  503870ms] [LOG] [Fast Refresh] done in 10ms @ webpack-internal:///(app-pages-browser)/./node_modules/next/dist/client/dev/report-hmr-latency.js:13
[  504053ms] [LOG] [Fast Refresh] rebuilding @ webpack-internal:///(app-pages-browser)/./node_modules/next/dist/client/dev/hot-reloader/app/hot-reloader-app.js:196
[  504386ms] [LOG] [Fast Refresh] done in 333ms @ webpack-internal:///(app-pages-browser)/./node_modules/next/dist/client/dev/report-hmr-latency.js:13
[  504558ms] [LOG] [Fast Refresh] rebuilding @ webpack-internal:///(app-pages-browser)/./node_modules/next/dist/client/dev/hot-reloader/app/hot-reloader-app.js:196
[  504573ms] [LOG] [Fast Refresh] done in 15ms @ webpack-internal:///(app-pages-browser)/./node_modules/next/dist/client/dev/report-hmr-latency.js:13
[  504744ms] [LOG] [Fast Refresh] rebuilding @ webpack-internal:///(app-pages-browser)/./node_modules/next/dist/client/dev/hot-reloader/app/hot-reloader-app.js:196
[  504758ms] [LOG] [Fast Refresh] done in 14ms @ webpack-internal:///(app-pages-browser)/./node_modules/next/dist/client/dev/report-hmr-latency.js:13
[  504929ms] [LOG] [Fast Refresh] rebuilding @ webpack-internal:///(app-pages-browser)/./node_modules/next/dist/client/dev/hot-reloader/app/hot-reloader-app.js:196
[  504967ms] [LOG] [Fast Refresh] done in 38ms @ webpack-internal:///(app-pages-browser)/./node_modules/next/dist/client/dev/report-hmr-latency.js:13
[  505136ms] [LOG] [Fast Refresh] rebuilding @ webpack-internal:///(app-pages-browser)/./node_modules/next/dist/client/dev/hot-reloader/app/hot-reloader-app.js:196
[  505151ms] [LOG] [Fast Refresh] done in 15ms @ webpack-internal:///(app-pages-browser)/./node_modules/next/dist/client/dev/report-hmr-latency.js:13
[  505325ms] [LOG] [Fast Refresh] rebuilding @ webpack-internal:///(app-pages-browser)/./node_modules/next/dist/client/dev/hot-reloader/app/hot-reloader-app.js:196
[  505337ms] [LOG] [Fast Refresh] done in 12ms @ webpack-internal:///(app-pages-browser)/./node_modules/next/dist/client/dev/report-hmr-latency.js:13
[  505480ms] [LOG] [Fast Refresh] rebuilding @ webpack-internal:///(app-pages-browser)/./node_modules/next/dist/client/dev/hot-reloader/app/hot-reloader-app.js:196
[  505489ms] [LOG] [Fast Refresh] done in 10ms @ webpack-internal:///(app-pages-browser)/./node_modules/next/dist/client/dev/report-hmr-latency.js:13
[  505659ms] [LOG] [Fast Refresh] rebuilding @ webpack-internal:///(app-pages-browser)/./node_modules/next/dist/client/dev/hot-reloader/app/hot-reloader-app.js:196
[  505672ms] [LOG] [Fast Refresh] done in 13ms @ webpack-internal:///(app-pages-browser)/./node_modules/next/dist/client/dev/report-hmr-latency.js:13
[  505814ms] [LOG] [Fast Refresh] rebuilding @ webpack-internal:///(app-pages-browser)/./node_modules/next/dist/client/dev/hot-reloader/app/hot-reloader-app.js:196
[  505827ms] [LOG] [Fast Refresh] done in 14ms @ webpack-internal:///(app-pages-browser)/./node_modules/next/dist/client/dev/report-hmr-latency.js:13
[  506000ms] [LOG] [Fast Refresh] rebuilding @ webpack-internal:///(app-pages-browser)/./node_modules/next/dist/client/dev/hot-reloader/app/hot-reloader-app.js:196
[  506008ms] [LOG] [Fast Refresh] done in 7ms @ webpack-internal:///(app-pages-browser)/./node_modules/next/dist/client/dev/report-hmr-latency.js:13
[  506176ms] [LOG] [Fast Refresh] rebuilding @ webpack-internal:///(app-pages-browser)/./node_modules/next/dist/client/dev/hot-reloader/app/hot-reloader-app.js:196
[  506191ms] [LOG] [Fast Refresh] done in 14ms @ webpack-internal:///(app-pages-browser)/./node_modules/next/dist/client/dev/report-hmr-latency.js:13
[  506365ms] [LOG] [Fast Refresh] rebuilding @ webpack-internal:///(app-pages-browser)/./node_modules/next/dist/client/dev/hot-reloader/app/hot-reloader-app.js:196
[  506381ms] [LOG] [Fast Refresh] done in 16ms @ webpack-internal:///(app-pages-browser)/./node_modules/next/dist/client/dev/report-hmr-latency.js:13
[  506527ms] [LOG] [Fast Refresh] rebuilding @ webpack-internal:///(app-pages-browser)/./node_modules/next/dist/client/dev/hot-reloader/app/hot-reloader-app.js:196
[  506539ms] [LOG] [Fast Refresh] done in 11ms @ webpack-internal:///(app-pages-browser)/./node_modules/next/dist/client/dev/report-hmr-latency.js:13
[  506679ms] [LOG] [Fast Refresh] rebuilding @ webpack-internal:///(app-pages-browser)/./node_modules/next/dist/client/dev/hot-reloader/app/hot-reloader-app.js:196
[  506692ms] [LOG] [Fast Refresh] done in 13ms @ webpack-internal:///(app-pages-browser)/./node_modules/next/dist/client/dev/report-hmr-latency.js:13
[  506866ms] [LOG] [Fast Refresh] rebuilding @ webpack-internal:///(app-pages-browser)/./node_modules/next/dist/client/dev/hot-reloader/app/hot-reloader-app.js:196
[  506880ms] [LOG] [Fast Refresh] done in 13ms @ webpack-internal:///(app-pages-browser)/./node_modules/next/dist/client/dev/report-hmr-latency.js:13
[  507045ms] [LOG] [Fast Refresh] rebuilding @ webpack-internal:///(app-pages-browser)/./node_modules/next/dist/client/dev/hot-reloader/app/hot-reloader-app.js:196
[  507058ms] [LOG] [Fast Refresh] done in 13ms @ webpack-internal:///(app-pages-browser)/./node_modules/next/dist/client/dev/report-hmr-latency.js:13
[  507205ms] [LOG] [Fast Refresh] rebuilding @ webpack-internal:///(app-pages-browser)/./node_modules/next/dist/client/dev/hot-reloader/app/hot-reloader-app.js:196
[  507216ms] [LOG] [Fast Refresh] done in 12ms @ webpack-internal:///(app-pages-browser)/./node_modules/next/dist/client/dev/report-hmr-latency.js:13
[  507396ms] [LOG] [Fast Refresh] rebuilding @ webpack-internal:///(app-pages-browser)/./node_modules/next/dist/client/dev/hot-reloader/app/hot-reloader-app.js:196
[  507406ms] [LOG] [Fast Refresh] done in 10ms @ webpack-internal:///(app-pages-browser)/./node_modules/next/dist/client/dev/report-hmr-latency.js:13
[  507574ms] [LOG] [Fast Refresh] rebuilding @ webpack-internal:///(app-pages-browser)/./node_modules/next/dist/client/dev/hot-reloader/app/hot-reloader-app.js:196
[  507586ms] [LOG] [Fast Refresh] done in 12ms @ webpack-internal:///(app-pages-browser)/./node_modules/next/dist/client/dev/report-hmr-latency.js:13
[  507756ms] [LOG] [Fast Refresh] rebuilding @ webpack-internal:///(app-pages-browser)/./node_modules/next/dist/client/dev/hot-reloader/app/hot-reloader-app.js:196
[  507768ms] [LOG] [Fast Refresh] done in 13ms @ webpack-internal:///(app-pages-browser)/./node_modules/next/dist/client/dev/report-hmr-latency.js:13
[  507932ms] [LOG] [Fast Refresh] rebuilding @ webpack-internal:///(app-pages-browser)/./node_modules/next/dist/client/dev/hot-reloader/app/hot-reloader-app.js:196
[  507947ms] [LOG] [Fast Refresh] done in 14ms @ webpack-internal:///(app-pages-browser)/./node_modules/next/dist/client/dev/report-hmr-latency.js:13
[  508126ms] [LOG] [Fast Refresh] rebuilding @ webpack-internal:///(app-pages-browser)/./node_modules/next/dist/client/dev/hot-reloader/app/hot-reloader-app.js:196
[  508139ms] [LOG] [Fast Refresh] done in 13ms @ webpack-internal:///(app-pages-browser)/./node_modules/next/dist/client/dev/report-hmr-latency.js:13
[  508282ms] [LOG] [Fast Refresh] rebuilding @ webpack-internal:///(app-pages-browser)/./node_modules/next/dist/client/dev/hot-reloader/app/hot-reloader-app.js:196
[  508295ms] [LOG] [Fast Refresh] done in 12ms @ webpack-internal:///(app-pages-browser)/./node_modules/next/dist/client/dev/report-hmr-latency.js:13
[  508463ms] [LOG] [Fast Refresh] rebuilding @ webpack-internal:///(app-pages-browser)/./node_modules/next/dist/client/dev/hot-reloader/app/hot-reloader-app.js:196
[  508475ms] [LOG] [Fast Refresh] done in 12ms @ webpack-internal:///(app-pages-browser)/./node_modules/next/dist/client/dev/report-hmr-latency.js:13
[  508601ms] [LOG] [Fast Refresh] rebuilding @ webpack-internal:///(app-pages-browser)/./node_modules/next/dist/client/dev/hot-reloader/app/hot-reloader-app.js:196
[  508615ms] [LOG] [Fast Refresh] done in 14ms @ webpack-internal:///(app-pages-browser)/./node_modules/next/dist/client/dev/report-hmr-latency.js:13
[  508791ms] [LOG] [Fast Refresh] rebuilding @ webpack-internal:///(app-pages-browser)/./node_modules/next/dist/client/dev/hot-reloader/app/hot-reloader-app.js:196
[  508804ms] [LOG] [Fast Refresh] done in 13ms @ webpack-internal:///(app-pages-browser)/./node_modules/next/dist/client/dev/report-hmr-latency.js:13
[  508977ms] [LOG] [Fast Refresh] rebuilding @ webpack-internal:///(app-pages-browser)/./node_modules/next/dist/client/dev/hot-reloader/app/hot-reloader-app.js:196
[  508993ms] [LOG] [Fast Refresh] done in 17ms @ webpack-internal:///(app-pages-browser)/./node_modules/next/dist/client/dev/report-hmr-latency.js:13
[  509169ms] [LOG] [Fast Refresh] rebuilding @ webpack-internal:///(app-pages-browser)/./node_modules/next/dist/client/dev/hot-reloader/app/hot-reloader-app.js:196
[  509182ms] [LOG] [Fast Refresh] done in 12ms @ webpack-internal:///(app-pages-browser)/./node_modules/next/dist/client/dev/report-hmr-latency.js:13
[  509357ms] [LOG] [Fast Refresh] rebuilding @ webpack-internal:///(app-pages-browser)/./node_modules/next/dist/client/dev/hot-reloader/app/hot-reloader-app.js:196
[  509369ms] [LOG] [Fast Refresh] done in 12ms @ webpack-internal:///(app-pages-browser)/./node_modules/next/dist/client/dev/report-hmr-latency.js:13
[  509554ms] [LOG] [Fast Refresh] rebuilding @ webpack-internal:///(app-pages-browser)/./node_modules/next/dist/client/dev/hot-reloader/app/hot-reloader-app.js:196
[  509566ms] [LOG] [Fast Refresh] done in 12ms @ webpack-internal:///(app-pages-browser)/./node_modules/next/dist/client/dev/report-hmr-latency.js:13
[  509756ms] [LOG] [Fast Refresh] rebuilding @ webpack-internal:///(app-pages-browser)/./node_modules/next/dist/client/dev/hot-reloader/app/hot-reloader-app.js:196
[  509770ms] [LOG] [Fast Refresh] done in 15ms @ webpack-internal:///(app-pages-browser)/./node_modules/next/dist/client/dev/report-hmr-latency.js:13
[  509942ms] [LOG] [Fast Refresh] rebuilding @ webpack-internal:///(app-pages-browser)/./node_modules/next/dist/client/dev/hot-reloader/app/hot-reloader-app.js:196
[  509951ms] [LOG] [Fast Refresh] done in 10ms @ webpack-internal:///(app-pages-browser)/./node_modules/next/dist/client/dev/report-hmr-latency.js:13
[  510091ms] [LOG] [Fast Refresh] rebuilding @ webpack-internal:///(app-pages-browser)/./node_modules/next/dist/client/dev/hot-reloader/app/hot-reloader-app.js:196
[  510100ms] [LOG] [Fast Refresh] done in 8ms @ webpack-internal:///(app-pages-browser)/./node_modules/next/dist/client/dev/report-hmr-latency.js:13
[  510270ms] [LOG] [Fast Refresh] rebuilding @ webpack-internal:///(app-pages-browser)/./node_modules/next/dist/client/dev/hot-reloader/app/hot-reloader-app.js:196
[  510280ms] [LOG] [Fast Refresh] done in 10ms @ webpack-internal:///(app-pages-browser)/./node_modules/next/dist/client/dev/report-hmr-latency.js:13
[  510421ms] [LOG] [Fast Refresh] rebuilding @ webpack-internal:///(app-pages-browser)/./node_modules/next/dist/client/dev/hot-reloader/app/hot-reloader-app.js:196
[  510435ms] [LOG] [Fast Refresh] done in 14ms @ webpack-internal:///(app-pages-browser)/./node_modules/next/dist/client/dev/report-hmr-latency.js:13
[  510573ms] [LOG] [Fast Refresh] rebuilding @ webpack-internal:///(app-pages-browser)/./node_modules/next/dist/client/dev/hot-reloader/app/hot-reloader-app.js:196
[  510583ms] [LOG] [Fast Refresh] done in 10ms @ webpack-internal:///(app-pages-browser)/./node_modules/next/dist/client/dev/report-hmr-latency.js:13
[  510743ms] [LOG] [Fast Refresh] rebuilding @ webpack-internal:///(app-pages-browser)/./node_modules/next/dist/client/dev/hot-reloader/app/hot-reloader-app.js:196
[  510755ms] [LOG] [Fast Refresh] done in 11ms @ webpack-internal:///(app-pages-browser)/./node_modules/next/dist/client/dev/report-hmr-latency.js:13
[  510874ms] [LOG] [Fast Refresh] rebuilding @ webpack-internal:///(app-pages-browser)/./node_modules/next/dist/client/dev/hot-reloader/app/hot-reloader-app.js:196
[  510881ms] [LOG] [Fast Refresh] done in 7ms @ webpack-internal:///(app-pages-browser)/./node_modules/next/dist/client/dev/report-hmr-latency.js:13
[  511039ms] [LOG] [Fast Refresh] rebuilding @ webpack-internal:///(app-pages-browser)/./node_modules/next/dist/client/dev/hot-reloader/app/hot-reloader-app.js:196
[  511051ms] [LOG] [Fast Refresh] done in 12ms @ webpack-internal:///(app-pages-browser)/./node_modules/next/dist/client/dev/report-hmr-latency.js:13
[  511208ms] [LOG] [Fast Refresh] rebuilding @ webpack-internal:///(app-pages-browser)/./node_modules/next/dist/client/dev/hot-reloader/app/hot-reloader-app.js:196
[  511217ms] [LOG] [Fast Refresh] done in 8ms @ webpack-internal:///(app-pages-browser)/./node_modules/next/dist/client/dev/report-hmr-latency.js:13
[  511379ms] [LOG] [Fast Refresh] rebuilding @ webpack-internal:///(app-pages-browser)/./node_modules/next/dist/client/dev/hot-reloader/app/hot-reloader-app.js:196
[  511387ms] [LOG] [Fast Refresh] done in 8ms @ webpack-internal:///(app-pages-browser)/./node_modules/next/dist/client/dev/report-hmr-latency.js:13
[  511513ms] [LOG] [Fast Refresh] rebuilding @ webpack-internal:///(app-pages-browser)/./node_modules/next/dist/client/dev/hot-reloader/app/hot-reloader-app.js:196
[  511522ms] [LOG] [Fast Refresh] done in 8ms @ webpack-internal:///(app-pages-browser)/./node_modules/next/dist/client/dev/report-hmr-latency.js:13
[  511636ms] [LOG] [Fast Refresh] rebuilding @ webpack-internal:///(app-pages-browser)/./node_modules/next/dist/client/dev/hot-reloader/app/hot-reloader-app.js:196
[  511662ms] [LOG] [Fast Refresh] done in 26ms @ webpack-internal:///(app-pages-browser)/./node_modules/next/dist/client/dev/report-hmr-latency.js:13
[  511806ms] [LOG] [Fast Refresh] rebuilding @ webpack-internal:///(app-pages-browser)/./node_modules/next/dist/client/dev/hot-reloader/app/hot-reloader-app.js:196
[  511823ms] [LOG] [Fast Refresh] done in 17ms @ webpack-internal:///(app-pages-browser)/./node_modules/next/dist/client/dev/report-hmr-latency.js:13
[  511989ms] [LOG] [Fast Refresh] rebuilding @ webpack-internal:///(app-pages-browser)/./node_modules/next/dist/client/dev/hot-reloader/app/hot-reloader-app.js:196
[  511999ms] [LOG] [Fast Refresh] done in 10ms @ webpack-internal:///(app-pages-browser)/./node_modules/next/dist/client/dev/report-hmr-latency.js:13
[  512176ms] [LOG] [Fast Refresh] rebuilding @ webpack-internal:///(app-pages-browser)/./node_modules/next/dist/client/dev/hot-reloader/app/hot-reloader-app.js:196
[  512189ms] [LOG] [Fast Refresh] done in 13ms @ webpack-internal:///(app-pages-browser)/./node_modules/next/dist/client/dev/report-hmr-latency.js:13
[  512316ms] [LOG] [Fast Refresh] rebuilding @ webpack-internal:///(app-pages-browser)/./node_modules/next/dist/client/dev/hot-reloader/app/hot-reloader-app.js:196
[  512328ms] [LOG] [Fast Refresh] done in 12ms @ webpack-internal:///(app-pages-browser)/./node_modules/next/dist/client/dev/report-hmr-latency.js:13
[  512475ms] [LOG] [Fast Refresh] rebuilding @ webpack-internal:///(app-pages-browser)/./node_modules/next/dist/client/dev/hot-reloader/app/hot-reloader-app.js:196
[  512496ms] [LOG] [Fast Refresh] done in 21ms @ webpack-internal:///(app-pages-browser)/./node_modules/next/dist/client/dev/report-hmr-latency.js:13
[  512603ms] [LOG] [Fast Refresh] rebuilding @ webpack-internal:///(app-pages-browser)/./node_modules/next/dist/client/dev/hot-reloader/app/hot-reloader-app.js:196
[  512616ms] [LOG] [Fast Refresh] done in 13ms @ webpack-internal:///(app-pages-browser)/./node_modules/next/dist/client/dev/report-hmr-latency.js:13
[  512734ms] [LOG] [Fast Refresh] rebuilding @ webpack-internal:///(app-pages-browser)/./node_modules/next/dist/client/dev/hot-reloader/app/hot-reloader-app.js:196
[  512742ms] [LOG] [Fast Refresh] done in 8ms @ webpack-internal:///(app-pages-browser)/./node_modules/next/dist/client/dev/report-hmr-latency.js:13
[  512891ms] [LOG] [Fast Refresh] rebuilding @ webpack-internal:///(app-pages-browser)/./node_modules/next/dist/client/dev/hot-reloader/app/hot-reloader-app.js:196
[  512899ms] [LOG] [Fast Refresh] done in 9ms @ webpack-internal:///(app-pages-browser)/./node_modules/next/dist/client/dev/report-hmr-latency.js:13
[  513089ms] [LOG] [Fast Refresh] rebuilding @ webpack-internal:///(app-pages-browser)/./node_modules/next/dist/client/dev/hot-reloader/app/hot-reloader-app.js:196
[  513122ms] [LOG] [Fast Refresh] done in 32ms @ webpack-internal:///(app-pages-browser)/./node_modules/next/dist/client/dev/report-hmr-latency.js:13
[  513271ms] [LOG] [Fast Refresh] rebuilding @ webpack-internal:///(app-pages-browser)/./node_modules/next/dist/client/dev/hot-reloader/app/hot-reloader-app.js:196
[  513284ms] [LOG] [Fast Refresh] done in 13ms @ webpack-internal:///(app-pages-browser)/./node_modules/next/dist/client/dev/report-hmr-latency.js:13
[  513436ms] [LOG] [Fast Refresh] rebuilding @ webpack-internal:///(app-pages-browser)/./node_modules/next/dist/client/dev/hot-reloader/app/hot-reloader-app.js:196
[  513444ms] [LOG] [Fast Refresh] done in 7ms @ webpack-internal:///(app-pages-browser)/./node_modules/next/dist/client/dev/report-hmr-latency.js:13
[  513610ms] [LOG] [Fast Refresh] rebuilding @ webpack-internal:///(app-pages-browser)/./node_modules/next/dist/client/dev/hot-reloader/app/hot-reloader-app.js:196
[  513622ms] [LOG] [Fast Refresh] done in 12ms @ webpack-internal:///(app-pages-browser)/./node_modules/next/dist/client/dev/report-hmr-latency.js:13
[  513835ms] [LOG] [Fast Refresh] rebuilding @ webpack-internal:///(app-pages-browser)/./node_modules/next/dist/client/dev/hot-reloader/app/hot-reloader-app.js:196
[  513847ms] [LOG] [Fast Refresh] done in 12ms @ webpack-internal:///(app-pages-browser)/./node_modules/next/dist/client/dev/report-hmr-latency.js:13
[  514028ms] [LOG] [Fast Refresh] rebuilding @ webpack-internal:///(app-pages-browser)/./node_modules/next/dist/client/dev/hot-reloader/app/hot-reloader-app.js:196
[  514040ms] [LOG] [Fast Refresh] done in 12ms @ webpack-internal:///(app-pages-browser)/./node_modules/next/dist/client/dev/report-hmr-latency.js:13
[  514234ms] [LOG] [Fast Refresh] rebuilding @ webpack-internal:///(app-pages-browser)/./node_modules/next/dist/client/dev/hot-reloader/app/hot-reloader-app.js:196
[  514248ms] [LOG] [Fast Refresh] done in 14ms @ webpack-internal:///(app-pages-browser)/./node_modules/next/dist/client/dev/report-hmr-latency.js:13
[  514851ms] [LOG] [Fast Refresh] rebuilding @ webpack-internal:///(app-pages-browser)/./node_modules/next/dist/client/dev/hot-reloader/app/hot-reloader-app.js:196
[  514878ms] [LOG] [Fast Refresh] done in 28ms @ webpack-internal:///(app-pages-browser)/./node_modules/next/dist/client/dev/report-hmr-latency.js:13
[  515801ms] [LOG] [Fast Refresh] rebuilding @ webpack-internal:///(app-pages-browser)/./node_modules/next/dist/client/dev/hot-reloader/app/hot-reloader-app.js:196
[  515820ms] [LOG] [Fast Refresh] done in 19ms @ webpack-internal:///(app-pages-browser)/./node_modules/next/dist/client/dev/report-hmr-latency.js:13
[  516030ms] [LOG] [Fast Refresh] rebuilding @ webpack-internal:///(app-pages-browser)/./node_modules/next/dist/client/dev/hot-reloader/app/hot-reloader-app.js:196
[  516045ms] [LOG] [Fast Refresh] done in 16ms @ webpack-internal:///(app-pages-browser)/./node_modules/next/dist/client/dev/report-hmr-latency.js:13
[  516227ms] [LOG] [Fast Refresh] rebuilding @ webpack-internal:///(app-pages-browser)/./node_modules/next/dist/client/dev/hot-reloader/app/hot-reloader-app.js:196
[  516240ms] [LOG] [Fast Refresh] done in 13ms @ webpack-internal:///(app-pages-browser)/./node_modules/next/dist/client/dev/report-hmr-latency.js:13
[  516442ms] [LOG] [Fast Refresh] rebuilding @ webpack-internal:///(app-pages-browser)/./node_modules/next/dist/client/dev/hot-reloader/app/hot-reloader-app.js:196
[  516455ms] [LOG] [Fast Refresh] done in 14ms @ webpack-internal:///(app-pages-browser)/./node_modules/next/dist/client/dev/report-hmr-latency.js:13
[  516603ms] [LOG] [Fast Refresh] rebuilding @ webpack-internal:///(app-pages-browser)/./node_modules/next/dist/client/dev/hot-reloader/app/hot-reloader-app.js:196
[  516617ms] [LOG] [Fast Refresh] done in 14ms @ webpack-internal:///(app-pages-browser)/./node_modules/next/dist/client/dev/report-hmr-latency.js:13
[  516762ms] [LOG] [Fast Refresh] rebuilding @ webpack-internal:///(app-pages-browser)/./node_modules/next/dist/client/dev/hot-reloader/app/hot-reloader-app.js:196
[  516777ms] [LOG] [Fast Refresh] done in 14ms @ webpack-internal:///(app-pages-browser)/./node_modules/next/dist/client/dev/report-hmr-latency.js:13
[  516959ms] [LOG] [Fast Refresh] rebuilding @ webpack-internal:///(app-pages-browser)/./node_modules/next/dist/client/dev/hot-reloader/app/hot-reloader-app.js:196
[  516973ms] [LOG] [Fast Refresh] done in 14ms @ webpack-internal:///(app-pages-browser)/./node_modules/next/dist/client/dev/report-hmr-latency.js:13
[  517166ms] [LOG] [Fast Refresh] rebuilding @ webpack-internal:///(app-pages-browser)/./node_modules/next/dist/client/dev/hot-reloader/app/hot-reloader-app.js:196
[  517178ms] [LOG] [Fast Refresh] done in 13ms @ webpack-internal:///(app-pages-browser)/./node_modules/next/dist/client/dev/report-hmr-latency.js:13
[  517367ms] [LOG] [Fast Refresh] rebuilding @ webpack-internal:///(app-pages-browser)/./node_modules/next/dist/client/dev/hot-reloader/app/hot-reloader-app.js:196
[  517379ms] [LOG] [Fast Refresh] done in 13ms @ webpack-internal:///(app-pages-browser)/./node_modules/next/dist/client/dev/report-hmr-latency.js:13
[  517548ms] [LOG] [Fast Refresh] rebuilding @ webpack-internal:///(app-pages-browser)/./node_modules/next/dist/client/dev/hot-reloader/app/hot-reloader-app.js:196
[  517561ms] [LOG] [Fast Refresh] done in 14ms @ webpack-internal:///(app-pages-browser)/./node_modules/next/dist/client/dev/report-hmr-latency.js:13
[  517690ms] [LOG] [Fast Refresh] rebuilding @ webpack-internal:///(app-pages-browser)/./node_modules/next/dist/client/dev/hot-reloader/app/hot-reloader-app.js:196
[  517700ms] [LOG] [Fast Refresh] done in 10ms @ webpack-internal:///(app-pages-browser)/./node_modules/next/dist/client/dev/report-hmr-latency.js:13
[  517835ms] [LOG] [Fast Refresh] rebuilding @ webpack-internal:///(app-pages-browser)/./node_modules/next/dist/client/dev/hot-reloader/app/hot-reloader-app.js:196
[  517849ms] [LOG] [Fast Refresh] done in 14ms @ webpack-internal:///(app-pages-browser)/./node_modules/next/dist/client/dev/report-hmr-latency.js:13
[  518034ms] [LOG] [Fast Refresh] rebuilding @ webpack-internal:///(app-pages-browser)/./node_modules/next/dist/client/dev/hot-reloader/app/hot-reloader-app.js:196
[  518046ms] [LOG] [Fast Refresh] done in 11ms @ webpack-internal:///(app-pages-browser)/./node_modules/next/dist/client/dev/report-hmr-latency.js:13
[  518227ms] [LOG] [Fast Refresh] rebuilding @ webpack-internal:///(app-pages-browser)/./node_modules/next/dist/client/dev/hot-reloader/app/hot-reloader-app.js:196
[  518241ms] [LOG] [Fast Refresh] done in 14ms @ webpack-internal:///(app-pages-browser)/./node_modules/next/dist/client/dev/report-hmr-latency.js:13
[  518412ms] [LOG] [Fast Refresh] rebuilding @ webpack-internal:///(app-pages-browser)/./node_modules/next/dist/client/dev/hot-reloader/app/hot-reloader-app.js:196
[  518428ms] [LOG] [Fast Refresh] done in 16ms @ webpack-internal:///(app-pages-browser)/./node_modules/next/dist/client/dev/report-hmr-latency.js:13
[  518567ms] [LOG] [Fast Refresh] rebuilding @ webpack-internal:///(app-pages-browser)/./node_modules/next/dist/client/dev/hot-reloader/app/hot-reloader-app.js:196
[  518577ms] [LOG] [Fast Refresh] done in 10ms @ webpack-internal:///(app-pages-browser)/./node_modules/next/dist/client/dev/report-hmr-latency.js:13
[  518764ms] [LOG] [Fast Refresh] rebuilding @ webpack-internal:///(app-pages-browser)/./node_modules/next/dist/client/dev/hot-reloader/app/hot-reloader-app.js:196
[  518778ms] [LOG] [Fast Refresh] done in 15ms @ webpack-internal:///(app-pages-browser)/./node_modules/next/dist/client/dev/report-hmr-latency.js:13
[  518933ms] [LOG] [Fast Refresh] rebuilding @ webpack-internal:///(app-pages-browser)/./node_modules/next/dist/client/dev/hot-reloader/app/hot-reloader-app.js:196
[  518952ms] [LOG] [Fast Refresh] done in 19ms @ webpack-internal:///(app-pages-browser)/./node_modules/next/dist/client/dev/report-hmr-latency.js:13
[  519124ms] [LOG] [Fast Refresh] rebuilding @ webpack-internal:///(app-pages-browser)/./node_modules/next/dist/client/dev/hot-reloader/app/hot-reloader-app.js:196
[  519136ms] [LOG] [Fast Refresh] done in 12ms @ webpack-internal:///(app-pages-browser)/./node_modules/next/dist/client/dev/report-hmr-latency.js:13
[  519312ms] [LOG] [Fast Refresh] rebuilding @ webpack-internal:///(app-pages-browser)/./node_modules/next/dist/client/dev/hot-reloader/app/hot-reloader-app.js:196
[  519324ms] [LOG] [Fast Refresh] done in 11ms @ webpack-internal:///(app-pages-browser)/./node_modules/next/dist/client/dev/report-hmr-latency.js:13
[  519495ms] [LOG] [Fast Refresh] rebuilding @ webpack-internal:///(app-pages-browser)/./node_modules/next/dist/client/dev/hot-reloader/app/hot-reloader-app.js:196
[  519508ms] [LOG] [Fast Refresh] done in 14ms @ webpack-internal:///(app-pages-browser)/./node_modules/next/dist/client/dev/report-hmr-latency.js:13
[  519663ms] [LOG] [Fast Refresh] rebuilding @ webpack-internal:///(app-pages-browser)/./node_modules/next/dist/client/dev/hot-reloader/app/hot-reloader-app.js:196
[  519673ms] [LOG] [Fast Refresh] done in 9ms @ webpack-internal:///(app-pages-browser)/./node_modules/next/dist/client/dev/report-hmr-latency.js:13
[  519856ms] [LOG] [Fast Refresh] rebuilding @ webpack-internal:///(app-pages-browser)/./node_modules/next/dist/client/dev/hot-reloader/app/hot-reloader-app.js:196
[  519870ms] [LOG] [Fast Refresh] done in 14ms @ webpack-internal:///(app-pages-browser)/./node_modules/next/dist/client/dev/report-hmr-latency.js:13
[  520048ms] [LOG] [Fast Refresh] rebuilding @ webpack-internal:///(app-pages-browser)/./node_modules/next/dist/client/dev/hot-reloader/app/hot-reloader-app.js:196
[  520059ms] [LOG] [Fast Refresh] done in 11ms @ webpack-internal:///(app-pages-browser)/./node_modules/next/dist/client/dev/report-hmr-latency.js:13
[  520238ms] [LOG] [Fast Refresh] rebuilding @ webpack-internal:///(app-pages-browser)/./node_modules/next/dist/client/dev/hot-reloader/app/hot-reloader-app.js:196
[  520251ms] [LOG] [Fast Refresh] done in 12ms @ webpack-internal:///(app-pages-browser)/./node_modules/next/dist/client/dev/report-hmr-latency.js:13
[  520420ms] [LOG] [Fast Refresh] rebuilding @ webpack-internal:///(app-pages-browser)/./node_modules/next/dist/client/dev/hot-reloader/app/hot-reloader-app.js:196
[  520433ms] [LOG] [Fast Refresh] done in 13ms @ webpack-internal:///(app-pages-browser)/./node_modules/next/dist/client/dev/report-hmr-latency.js:13
[  520569ms] [LOG] [Fast Refresh] rebuilding @ webpack-internal:///(app-pages-browser)/./node_modules/next/dist/client/dev/hot-reloader/app/hot-reloader-app.js:196
[  520581ms] [LOG] [Fast Refresh] done in 11ms @ webpack-internal:///(app-pages-browser)/./node_modules/next/dist/client/dev/report-hmr-latency.js:13
[  520763ms] [LOG] [Fast Refresh] rebuilding @ webpack-internal:///(app-pages-browser)/./node_modules/next/dist/client/dev/hot-reloader/app/hot-reloader-app.js:196
[  520774ms] [LOG] [Fast Refresh] done in 11ms @ webpack-internal:///(app-pages-browser)/./node_modules/next/dist/client/dev/report-hmr-latency.js:13
[  520949ms] [LOG] [Fast Refresh] rebuilding @ webpack-internal:///(app-pages-browser)/./node_modules/next/dist/client/dev/hot-reloader/app/hot-reloader-app.js:196
[  520960ms] [LOG] [Fast Refresh] done in 11ms @ webpack-internal:///(app-pages-browser)/./node_modules/next/dist/client/dev/report-hmr-latency.js:13
[  521104ms] [LOG] [Fast Refresh] rebuilding @ webpack-internal:///(app-pages-browser)/./node_modules/next/dist/client/dev/hot-reloader/app/hot-reloader-app.js:196
[  521117ms] [LOG] [Fast Refresh] done in 12ms @ webpack-internal:///(app-pages-browser)/./node_modules/next/dist/client/dev/report-hmr-latency.js:13
[  521251ms] [LOG] [Fast Refresh] rebuilding @ webpack-internal:///(app-pages-browser)/./node_modules/next/dist/client/dev/hot-reloader/app/hot-reloader-app.js:196
[  521264ms] [LOG] [Fast Refresh] done in 12ms @ webpack-internal:///(app-pages-browser)/./node_modules/next/dist/client/dev/report-hmr-latency.js:13
[  521435ms] [LOG] [Fast Refresh] rebuilding @ webpack-internal:///(app-pages-browser)/./node_modules/next/dist/client/dev/hot-reloader/app/hot-reloader-app.js:196
[  521444ms] [LOG] [Fast Refresh] done in 10ms @ webpack-internal:///(app-pages-browser)/./node_modules/next/dist/client/dev/report-hmr-latency.js:13
[  521621ms] [LOG] [Fast Refresh] rebuilding @ webpack-internal:///(app-pages-browser)/./node_modules/next/dist/client/dev/hot-reloader/app/hot-reloader-app.js:196
[  521635ms] [LOG] [Fast Refresh] done in 15ms @ webpack-internal:///(app-pages-browser)/./node_modules/next/dist/client/dev/report-hmr-latency.js:13
[  521763ms] [LOG] [Fast Refresh] rebuilding @ webpack-internal:///(app-pages-browser)/./node_modules/next/dist/client/dev/hot-reloader/app/hot-reloader-app.js:196
[  521774ms] [LOG] [Fast Refresh] done in 10ms @ webpack-internal:///(app-pages-browser)/./node_modules/next/dist/client/dev/report-hmr-latency.js:13
[  521943ms] [LOG] [Fast Refresh] rebuilding @ webpack-internal:///(app-pages-browser)/./node_modules/next/dist/client/dev/hot-reloader/app/hot-reloader-app.js:196
[  521960ms] [LOG] [Fast Refresh] done in 18ms @ webpack-internal:///(app-pages-browser)/./node_modules/next/dist/client/dev/report-hmr-latency.js:13
[  522126ms] [LOG] [Fast Refresh] rebuilding @ webpack-internal:///(app-pages-browser)/./node_modules/next/dist/client/dev/hot-reloader/app/hot-reloader-app.js:196
[  522139ms] [LOG] [Fast Refresh] done in 13ms @ webpack-internal:///(app-pages-browser)/./node_modules/next/dist/client/dev/report-hmr-latency.js:13
[  522288ms] [LOG] [Fast Refresh] rebuilding @ webpack-internal:///(app-pages-browser)/./node_modules/next/dist/client/dev/hot-reloader/app/hot-reloader-app.js:196
[  522300ms] [LOG] [Fast Refresh] done in 13ms @ webpack-internal:///(app-pages-browser)/./node_modules/next/dist/client/dev/report-hmr-latency.js:13
[  522472ms] [LOG] [Fast Refresh] rebuilding @ webpack-internal:///(app-pages-browser)/./node_modules/next/dist/client/dev/hot-reloader/app/hot-reloader-app.js:196
[  522487ms] [LOG] [Fast Refresh] done in 14ms @ webpack-internal:///(app-pages-browser)/./node_modules/next/dist/client/dev/report-hmr-latency.js:13
[  522661ms] [LOG] [Fast Refresh] rebuilding @ webpack-internal:///(app-pages-browser)/./node_modules/next/dist/client/dev/hot-reloader/app/hot-reloader-app.js:196
[  522676ms] [LOG] [Fast Refresh] done in 14ms @ webpack-internal:///(app-pages-browser)/./node_modules/next/dist/client/dev/report-hmr-latency.js:13
[  522848ms] [LOG] [Fast Refresh] rebuilding @ webpack-internal:///(app-pages-browser)/./node_modules/next/dist/client/dev/hot-reloader/app/hot-reloader-app.js:196
[  522861ms] [LOG] [Fast Refresh] done in 12ms @ webpack-internal:///(app-pages-browser)/./node_modules/next/dist/client/dev/report-hmr-latency.js:13
[  523057ms] [LOG] [Fast Refresh] rebuilding @ webpack-internal:///(app-pages-browser)/./node_modules/next/dist/client/dev/hot-reloader/app/hot-reloader-app.js:196
[  523071ms] [LOG] [Fast Refresh] done in 14ms @ webpack-internal:///(app-pages-browser)/./node_modules/next/dist/client/dev/report-hmr-latency.js:13
[  523210ms] [LOG] [Fast Refresh] rebuilding @ webpack-internal:///(app-pages-browser)/./node_modules/next/dist/client/dev/hot-reloader/app/hot-reloader-app.js:196
[  523220ms] [LOG] [Fast Refresh] done in 10ms @ webpack-internal:///(app-pages-browser)/./node_modules/next/dist/client/dev/report-hmr-latency.js:13
[  523351ms] [LOG] [Fast Refresh] rebuilding @ webpack-internal:///(app-pages-browser)/./node_modules/next/dist/client/dev/hot-reloader/app/hot-reloader-app.js:196
[  523364ms] [LOG] [Fast Refresh] done in 14ms @ webpack-internal:///(app-pages-browser)/./node_modules/next/dist/client/dev/report-hmr-latency.js:13
[  523548ms] [LOG] [Fast Refresh] rebuilding @ webpack-internal:///(app-pages-browser)/./node_modules/next/dist/client/dev/hot-reloader/app/hot-reloader-app.js:196
[  523560ms] [LOG] [Fast Refresh] done in 12ms @ webpack-internal:///(app-pages-browser)/./node_modules/next/dist/client/dev/report-hmr-latency.js:13
[  523728ms] [LOG] [Fast Refresh] rebuilding @ webpack-internal:///(app-pages-browser)/./node_modules/next/dist/client/dev/hot-reloader/app/hot-reloader-app.js:196
[  523747ms] [LOG] [Fast Refresh] done in 18ms @ webpack-internal:///(app-pages-browser)/./node_modules/next/dist/client/dev/report-hmr-latency.js:13
[  523889ms] [LOG] [Fast Refresh] rebuilding @ webpack-internal:///(app-pages-browser)/./node_modules/next/dist/client/dev/hot-reloader/app/hot-reloader-app.js:196
[  523898ms] [LOG] [Fast Refresh] done in 10ms @ webpack-internal:///(app-pages-browser)/./node_modules/next/dist/client/dev/report-hmr-latency.js:13
[  524074ms] [LOG] [Fast Refresh] rebuilding @ webpack-internal:///(app-pages-browser)/./node_modules/next/dist/client/dev/hot-reloader/app/hot-reloader-app.js:196
[  524086ms] [LOG] [Fast Refresh] done in 12ms @ webpack-internal:///(app-pages-browser)/./node_modules/next/dist/client/dev/report-hmr-latency.js:13
[  524262ms] [LOG] [Fast Refresh] rebuilding @ webpack-internal:///(app-pages-browser)/./node_modules/next/dist/client/dev/hot-reloader/app/hot-reloader-app.js:196
[  524274ms] [LOG] [Fast Refresh] done in 11ms @ webpack-internal:///(app-pages-browser)/./node_modules/next/dist/client/dev/report-hmr-latency.js:13
[  524437ms] [LOG] [Fast Refresh] rebuilding @ webpack-internal:///(app-pages-browser)/./node_modules/next/dist/client/dev/hot-reloader/app/hot-reloader-app.js:196
[  524450ms] [LOG] [Fast Refresh] done in 13ms @ webpack-internal:///(app-pages-browser)/./node_modules/next/dist/client/dev/report-hmr-latency.js:13
[  524630ms] [LOG] [Fast Refresh] rebuilding @ webpack-internal:///(app-pages-browser)/./node_modules/next/dist/client/dev/hot-reloader/app/hot-reloader-app.js:196
[  524647ms] [LOG] [Fast Refresh] done in 17ms @ webpack-internal:///(app-pages-browser)/./node_modules/next/dist/client/dev/report-hmr-latency.js:13
[  524788ms] [LOG] [Fast Refresh] rebuilding @ webpack-internal:///(app-pages-browser)/./node_modules/next/dist/client/dev/hot-reloader/app/hot-reloader-app.js:196
[  524800ms] [LOG] [Fast Refresh] done in 11ms @ webpack-internal:///(app-pages-browser)/./node_modules/next/dist/client/dev/report-hmr-latency.js:13
[  524938ms] [LOG] [Fast Refresh] rebuilding @ webpack-internal:///(app-pages-browser)/./node_modules/next/dist/client/dev/hot-reloader/app/hot-reloader-app.js:196
[  524950ms] [LOG] [Fast Refresh] done in 12ms @ webpack-internal:///(app-pages-browser)/./node_modules/next/dist/client/dev/report-hmr-latency.js:13
[  525104ms] [LOG] [Fast Refresh] rebuilding @ webpack-internal:///(app-pages-browser)/./node_modules/next/dist/client/dev/hot-reloader/app/hot-reloader-app.js:196
[  525117ms] [LOG] [Fast Refresh] done in 12ms @ webpack-internal:///(app-pages-browser)/./node_modules/next/dist/client/dev/report-hmr-latency.js:13
[  525291ms] [LOG] [Fast Refresh] rebuilding @ webpack-internal:///(app-pages-browser)/./node_modules/next/dist/client/dev/hot-reloader/app/hot-reloader-app.js:196
[  525303ms] [LOG] [Fast Refresh] done in 13ms @ webpack-internal:///(app-pages-browser)/./node_modules/next/dist/client/dev/report-hmr-latency.js:13
[  525478ms] [LOG] [Fast Refresh] rebuilding @ webpack-internal:///(app-pages-browser)/./node_modules/next/dist/client/dev/hot-reloader/app/hot-reloader-app.js:196
[  525491ms] [LOG] [Fast Refresh] done in 14ms @ webpack-internal:///(app-pages-browser)/./node_modules/next/dist/client/dev/report-hmr-latency.js:13
[  525624ms] [LOG] [Fast Refresh] rebuilding @ webpack-internal:///(app-pages-browser)/./node_modules/next/dist/client/dev/hot-reloader/app/hot-reloader-app.js:196
[  525635ms] [LOG] [Fast Refresh] done in 11ms @ webpack-internal:///(app-pages-browser)/./node_modules/next/dist/client/dev/report-hmr-latency.js:13
[  525806ms] [LOG] [Fast Refresh] rebuilding @ webpack-internal:///(app-pages-browser)/./node_modules/next/dist/client/dev/hot-reloader/app/hot-reloader-app.js:196
[  525820ms] [LOG] [Fast Refresh] done in 15ms @ webpack-internal:///(app-pages-browser)/./node_modules/next/dist/client/dev/report-hmr-latency.js:13
[  525998ms] [LOG] [Fast Refresh] rebuilding @ webpack-internal:///(app-pages-browser)/./node_modules/next/dist/client/dev/hot-reloader/app/hot-reloader-app.js:196
[  526014ms] [LOG] [Fast Refresh] done in 17ms @ webpack-internal:///(app-pages-browser)/./node_modules/next/dist/client/dev/report-hmr-latency.js:13
[  526188ms] [LOG] [Fast Refresh] rebuilding @ webpack-internal:///(app-pages-browser)/./node_modules/next/dist/client/dev/hot-reloader/app/hot-reloader-app.js:196
[  526206ms] [LOG] [Fast Refresh] done in 17ms @ webpack-internal:///(app-pages-browser)/./node_modules/next/dist/client/dev/report-hmr-latency.js:13
[  526394ms] [LOG] [Fast Refresh] rebuilding @ webpack-internal:///(app-pages-browser)/./node_modules/next/dist/client/dev/hot-reloader/app/hot-reloader-app.js:196
[  526408ms] [LOG] [Fast Refresh] done in 14ms @ webpack-internal:///(app-pages-browser)/./node_modules/next/dist/client/dev/report-hmr-latency.js:13
[  526579ms] [LOG] [Fast Refresh] rebuilding @ webpack-internal:///(app-pages-browser)/./node_modules/next/dist/client/dev/hot-reloader/app/hot-reloader-app.js:196
[  526588ms] [LOG] [Fast Refresh] done in 10ms @ webpack-internal:///(app-pages-browser)/./node_modules/next/dist/client/dev/report-hmr-latency.js:13
[  526764ms] [LOG] [Fast Refresh] rebuilding @ webpack-internal:///(app-pages-browser)/./node_modules/next/dist/client/dev/hot-reloader/app/hot-reloader-app.js:196
[  526780ms] [LOG] [Fast Refresh] done in 15ms @ webpack-internal:///(app-pages-browser)/./node_modules/next/dist/client/dev/report-hmr-latency.js:13
[  526974ms] [LOG] [Fast Refresh] rebuilding @ webpack-internal:///(app-pages-browser)/./node_modules/next/dist/client/dev/hot-reloader/app/hot-reloader-app.js:196
[  526989ms] [LOG] [Fast Refresh] done in 15ms @ webpack-internal:///(app-pages-browser)/./node_modules/next/dist/client/dev/report-hmr-latency.js:13
[  527131ms] [LOG] [Fast Refresh] rebuilding @ webpack-internal:///(app-pages-browser)/./node_modules/next/dist/client/dev/hot-reloader/app/hot-reloader-app.js:196
[  527145ms] [LOG] [Fast Refresh] done in 13ms @ webpack-internal:///(app-pages-browser)/./node_modules/next/dist/client/dev/report-hmr-latency.js:13
[  527297ms] [LOG] [Fast Refresh] rebuilding @ webpack-internal:///(app-pages-browser)/./node_modules/next/dist/client/dev/hot-reloader/app/hot-reloader-app.js:196
[  527310ms] [LOG] [Fast Refresh] done in 13ms @ webpack-internal:///(app-pages-browser)/./node_modules/next/dist/client/dev/report-hmr-latency.js:13
[  527467ms] [LOG] [Fast Refresh] rebuilding @ webpack-internal:///(app-pages-browser)/./node_modules/next/dist/client/dev/hot-reloader/app/hot-reloader-app.js:196
[  527480ms] [LOG] [Fast Refresh] done in 12ms @ webpack-internal:///(app-pages-browser)/./node_modules/next/dist/client/dev/report-hmr-latency.js:13
[  527651ms] [LOG] [Fast Refresh] rebuilding @ webpack-internal:///(app-pages-browser)/./node_modules/next/dist/client/dev/hot-reloader/app/hot-reloader-app.js:196
[  527665ms] [LOG] [Fast Refresh] done in 14ms @ webpack-internal:///(app-pages-browser)/./node_modules/next/dist/client/dev/report-hmr-latency.js:13
[  527859ms] [LOG] [Fast Refresh] rebuilding @ webpack-internal:///(app-pages-browser)/./node_modules/next/dist/client/dev/hot-reloader/app/hot-reloader-app.js:196
[  527918ms] [LOG] [Fast Refresh] done in 59ms @ webpack-internal:///(app-pages-browser)/./node_modules/next/dist/client/dev/report-hmr-latency.js:13
[  528097ms] [LOG] [Fast Refresh] rebuilding @ webpack-internal:///(app-pages-browser)/./node_modules/next/dist/client/dev/hot-reloader/app/hot-reloader-app.js:196
[  528115ms] [LOG] [Fast Refresh] done in 19ms @ webpack-internal:///(app-pages-browser)/./node_modules/next/dist/client/dev/report-hmr-latency.js:13
[  528259ms] [LOG] [Fast Refresh] rebuilding @ webpack-internal:///(app-pages-browser)/./node_modules/next/dist/client/dev/hot-reloader/app/hot-reloader-app.js:196
[  528290ms] [LOG] [Fast Refresh] done in 32ms @ webpack-internal:///(app-pages-browser)/./node_modules/next/dist/client/dev/report-hmr-latency.js:13
[  528431ms] [LOG] [Fast Refresh] rebuilding @ webpack-internal:///(app-pages-browser)/./node_modules/next/dist/client/dev/hot-reloader/app/hot-reloader-app.js:196
[  528439ms] [LOG] [Fast Refresh] done in 7ms @ webpack-internal:///(app-pages-browser)/./node_modules/next/dist/client/dev/report-hmr-latency.js:13
[  528599ms] [LOG] [Fast Refresh] rebuilding @ webpack-internal:///(app-pages-browser)/./node_modules/next/dist/client/dev/hot-reloader/app/hot-reloader-app.js:196
[  528608ms] [LOG] [Fast Refresh] done in 9ms @ webpack-internal:///(app-pages-browser)/./node_modules/next/dist/client/dev/report-hmr-latency.js:13
[  528783ms] [LOG] [Fast Refresh] rebuilding @ webpack-internal:///(app-pages-browser)/./node_modules/next/dist/client/dev/hot-reloader/app/hot-reloader-app.js:196
[  528795ms] [LOG] [Fast Refresh] done in 12ms @ webpack-internal:///(app-pages-browser)/./node_modules/next/dist/client/dev/report-hmr-latency.js:13
[  528945ms] [LOG] [Fast Refresh] rebuilding @ webpack-internal:///(app-pages-browser)/./node_modules/next/dist/client/dev/hot-reloader/app/hot-reloader-app.js:196
[  528955ms] [LOG] [Fast Refresh] done in 9ms @ webpack-internal:///(app-pages-browser)/./node_modules/next/dist/client/dev/report-hmr-latency.js:13
[  529140ms] [LOG] [Fast Refresh] rebuilding @ webpack-internal:///(app-pages-browser)/./node_modules/next/dist/client/dev/hot-reloader/app/hot-reloader-app.js:196
[  529153ms] [LOG] [Fast Refresh] done in 13ms @ webpack-internal:///(app-pages-browser)/./node_modules/next/dist/client/dev/report-hmr-latency.js:13
[  529323ms] [LOG] [Fast Refresh] rebuilding @ webpack-internal:///(app-pages-browser)/./node_modules/next/dist/client/dev/hot-reloader/app/hot-reloader-app.js:196
[  529338ms] [LOG] [Fast Refresh] done in 15ms @ webpack-internal:///(app-pages-browser)/./node_modules/next/dist/client/dev/report-hmr-latency.js:13
[  529522ms] [LOG] [Fast Refresh] rebuilding @ webpack-internal:///(app-pages-browser)/./node_modules/next/dist/client/dev/hot-reloader/app/hot-reloader-app.js:196
[  529534ms] [LOG] [Fast Refresh] done in 13ms @ webpack-internal:///(app-pages-browser)/./node_modules/next/dist/client/dev/report-hmr-latency.js:13
[  529705ms] [LOG] [Fast Refresh] rebuilding @ webpack-internal:///(app-pages-browser)/./node_modules/next/dist/client/dev/hot-reloader/app/hot-reloader-app.js:196
[  529715ms] [LOG] [Fast Refresh] done in 11ms @ webpack-internal:///(app-pages-browser)/./node_modules/next/dist/client/dev/report-hmr-latency.js:13
[  529879ms] [LOG] [Fast Refresh] rebuilding @ webpack-internal:///(app-pages-browser)/./node_modules/next/dist/client/dev/hot-reloader/app/hot-reloader-app.js:196
[  529893ms] [LOG] [Fast Refresh] done in 14ms @ webpack-internal:///(app-pages-browser)/./node_modules/next/dist/client/dev/report-hmr-latency.js:13
[  530055ms] [LOG] [Fast Refresh] rebuilding @ webpack-internal:///(app-pages-browser)/./node_modules/next/dist/client/dev/hot-reloader/app/hot-reloader-app.js:196
[  530067ms] [LOG] [Fast Refresh] done in 12ms @ webpack-internal:///(app-pages-browser)/./node_modules/next/dist/client/dev/report-hmr-latency.js:13
[  530254ms] [LOG] [Fast Refresh] rebuilding @ webpack-internal:///(app-pages-browser)/./node_modules/next/dist/client/dev/hot-reloader/app/hot-reloader-app.js:196
[  530266ms] [LOG] [Fast Refresh] done in 11ms @ webpack-internal:///(app-pages-browser)/./node_modules/next/dist/client/dev/report-hmr-latency.js:13
